load_audio_file called with ['holotapes/System_Calibration/01.ogg', 'holotapes/System_Calibration/02.ogg', 'holotapes/System_Calibration/03.ogg', 'holotapes/System_Calibration/04.ogg']
queue load invoked, stack:
  File "/home/eli/workspace/pypboy/main.py", line 90, in <module>
    hol.load_audio_file(rels)
  File "/home/eli/workspace/pypboy/pypboy/modules/data/holotape_processor.py", line 630, in load_audio_file
    trace = ''.join(traceback.format_stack(limit=10))
load_audio_file called with /home/eli/workspace/pypboy/holotapes/System_Calibration/01.ogg
load_audio_file called with ['holotapes/System_Calibration/01.ogg', 'holotapes/System_Calibration/02.ogg', 'holotapes/System_Calibration/03.ogg', 'holotapes/System_Calibration/04.ogg']
queue load invoked, stack:
  File "<stdin>", line 10, in <module>
  File "/home/eli/workspace/pypboy/pypboy/modules/data/holotape_processor.py", line 642, in load_audio_file
    trace = ''.join(traceback.format_stack(limit=10))
load_audio_file called with /home/eli/workspace/pypboy/holotapes/System_Calibration/01.ogg
Starting playback: /home/eli/workspace/pypboy/holotapes/System_Calibration/01.ogg
Track finished: /home/eli/workspace/pypboy/holotapes/System_Calibration/01.ogg
Queue advancing to next track: /home/eli/workspace/pypboy/holotapes/System_Calibration/02.ogg
load_audio_file called with /home/eli/workspace/pypboy/holotapes/System_Calibration/02.ogg
Starting playback: /home/eli/workspace/pypboy/holotapes/System_Calibration/02.ogg
Track finished: /home/eli/workspace/pypboy/holotapes/System_Calibration/02.ogg
Queue advancing to next track: /home/eli/workspace/pypboy/holotapes/System_Calibration/03.ogg
load_audio_file called with /home/eli/workspace/pypboy/holotapes/System_Calibration/03.ogg
Starting playback: /home/eli/workspace/pypboy/holotapes/System_Calibration/03.ogg
Track finished: /home/eli/workspace/pypboy/holotapes/System_Calibration/03.ogg
Queue advancing to next track: /home/eli/workspace/pypboy/holotapes/System_Calibration/04.ogg
load_audio_file called with /home/eli/workspace/pypboy/holotapes/System_Calibration/04.ogg
Starting playback: /home/eli/workspace/pypboy/holotapes/System_Calibration/04.ogg
Track finished: /home/eli/workspace/pypboy/holotapes/System_Calibration/04.ogg
Queue completed
Track finished: /home/eli/workspace/pypboy/holotapes/System_Calibration/04.ogg
load_audio_file called with ['holotapes/System_Calibration/01.ogg', 'holotapes/System_Calibration/02.ogg', 'holotapes/System_Calibration/03.ogg', 'holotapes/System_Calibration/04.ogg']
queue load invoked, stack:
  File "/home/eli/workspace/pypboy/main.py", line 90, in <module>
    hol.load_audio_file(rels)
  File "/home/eli/workspace/pypboy/pypboy/modules/data/holotape_processor.py", line 642, in load_audio_file
    trace = ''.join(traceback.format_stack(limit=10))
load_audio_file called with /home/eli/workspace/pypboy/holotapes/System_Calibration/01.ogg
Starting playback: /home/eli/workspace/pypboy/holotapes/System_Calibration/01.ogg
load_audio_file called with ['holotapes/System_Calibration/01.ogg', 'holotapes/System_Calibration/02.ogg', 'holotapes/System_Calibration/03.ogg', 'holotapes/System_Calibration/04.ogg']
queue load invoked, stack:
  File "/home/eli/workspace/pypboy/main.py", line 90, in <module>
    hol.load_audio_file(rels)
  File "/home/eli/workspace/pypboy/pypboy/modules/data/holotape_processor.py", line 656, in load_audio_file
    trace = ''.join(traceback.format_stack(limit=10))
load_audio_file called with /home/eli/workspace/pypboy/holotapes/System_Calibration/01.ogg
Starting playback: /home/eli/workspace/pypboy/holotapes/System_Calibration/01.ogg
load_audio_file called with ['holotapes/Eddie_Winter/Eddie_Winter_Holotape-0.ogg', 'holotapes/Eddie_Winter/Eddie_Winter_Holotape-1.ogg', 'holotapes/Eddie_Winter/Eddie_Winter_Holotape-2.ogg', 'holotapes/Eddie_Winter/Eddie_Winter_Holotape-3.ogg', 'holotapes/Eddie_Winter/Eddie_Winter_Holotape-4.ogg', 'holotapes/Eddie_Winter/Eddie_Winter_Holotape-5.ogg', 'holotapes/Eddie_Winter/Eddie_Winter_Holotape-6.ogg', 'holotapes/Eddie_Winter/Eddie_Winter_Holotape-7.ogg', 'holotapes/Eddie_Winter/Eddie_Winter_Holotape-8.ogg', 'holotapes/Eddie_Winter/Eddie_Winter_Holotape-9.ogg']
queue load invoked, stack:
  File "/home/eli/workspace/pypboy/main.py", line 97, in <module>
    hol.load_audio_file(rels)
  File "/home/eli/workspace/pypboy/pypboy/modules/data/holotape_processor.py", line 669, in load_audio_file
    trace = ''.join(traceback.format_stack(limit=10))
load_audio_file called with /home/eli/workspace/pypboy/holotapes/Eddie_Winter/Eddie_Winter_Holotape-0.ogg
Starting playback: /home/eli/workspace/pypboy/holotapes/Eddie_Winter/Eddie_Winter_Holotape-0.ogg
load_audio_file called with ['holotapes/Eddie_Winter/Eddie_Winter_Holotape-0.ogg', 'holotapes/Eddie_Winter/Eddie_Winter_Holotape-1.ogg', 'holotapes/Eddie_Winter/Eddie_Winter_Holotape-2.ogg', 'holotapes/Eddie_Winter/Eddie_Winter_Holotape-3.ogg', 'holotapes/Eddie_Winter/Eddie_Winter_Holotape-4.ogg', 'holotapes/Eddie_Winter/Eddie_Winter_Holotape-5.ogg', 'holotapes/Eddie_Winter/Eddie_Winter_Holotape-6.ogg', 'holotapes/Eddie_Winter/Eddie_Winter_Holotape-7.ogg', 'holotapes/Eddie_Winter/Eddie_Winter_Holotape-8.ogg', 'holotapes/Eddie_Winter/Eddie_Winter_Holotape-9.ogg']
queue load invoked, stack:
  File "/home/eli/workspace/pypboy/main.py", line 98, in <module>
    hol.load_audio_file(rels)
  File "/home/eli/workspace/pypboy/pypboy/modules/data/holotape_processor.py", line 669, in load_audio_file
    trace = ''.join(traceback.format_stack(limit=10))
load_audio_file called with /home/eli/workspace/pypboy/holotapes/Eddie_Winter/Eddie_Winter_Holotape-0.ogg
Starting playback: /home/eli/workspace/pypboy/holotapes/Eddie_Winter/Eddie_Winter_Holotape-0.ogg
load_audio_file called with ['holotapes/Eddie_Winter/Eddie_Winter_Holotape-0.ogg', 'holotapes/Eddie_Winter/Eddie_Winter_Holotape-1.ogg', 'holotapes/Eddie_Winter/Eddie_Winter_Holotape-2.ogg', 'holotapes/Eddie_Winter/Eddie_Winter_Holotape-3.ogg', 'holotapes/Eddie_Winter/Eddie_Winter_Holotape-4.ogg', 'holotapes/Eddie_Winter/Eddie_Winter_Holotape-5.ogg', 'holotapes/Eddie_Winter/Eddie_Winter_Holotape-6.ogg', 'holotapes/Eddie_Winter/Eddie_Winter_Holotape-7.ogg', 'holotapes/Eddie_Winter/Eddie_Winter_Holotape-8.ogg', 'holotapes/Eddie_Winter/Eddie_Winter_Holotape-9.ogg']
queue load invoked, stack:
  File "/home/eli/workspace/pypboy/main.py", line 98, in <module>
    hol.load_audio_file(rels)
  File "/home/eli/workspace/pypboy/pypboy/modules/data/holotape_processor.py", line 669, in load_audio_file
    trace = ''.join(traceback.format_stack(limit=10))
Now Playing: /home/eli/workspace/pypboy/holotapes/Eddie_Winter/Eddie_Winter_Holotape-0.ogg
load_audio_file called with ['holotapes/Eddie_Winter/Eddie_Winter_Holotape-0.ogg', 'holotapes/Eddie_Winter/Eddie_Winter_Holotape-1.ogg', 'holotapes/Eddie_Winter/Eddie_Winter_Holotape-2.ogg', 'holotapes/Eddie_Winter/Eddie_Winter_Holotape-3.ogg', 'holotapes/Eddie_Winter/Eddie_Winter_Holotape-4.ogg', 'holotapes/Eddie_Winter/Eddie_Winter_Holotape-5.ogg', 'holotapes/Eddie_Winter/Eddie_Winter_Holotape-6.ogg', 'holotapes/Eddie_Winter/Eddie_Winter_Holotape-7.ogg', 'holotapes/Eddie_Winter/Eddie_Winter_Holotape-8.ogg', 'holotapes/Eddie_Winter/Eddie_Winter_Holotape-9.ogg']
queue load invoked, stack:
  File "/home/eli/workspace/pypboy/main.py", line 103, in <module>
    hol.load_audio_file(rels)
  File "/home/eli/workspace/pypboy/pypboy/modules/data/holotape_processor.py", line 694, in load_audio_file
    trace = ''.join(traceback.format_stack(limit=10))
Now Playing: /home/eli/workspace/pypboy/holotapes/Eddie_Winter/Eddie_Winter_Holotape-0.ogg
load_audio_file called with ['holotapes/Eddie_Winter/Eddie_Winter_Holotape-0.ogg', 'holotapes/Eddie_Winter/Eddie_Winter_Holotape-1.ogg', 'holotapes/Eddie_Winter/Eddie_Winter_Holotape-2.ogg', 'holotapes/Eddie_Winter/Eddie_Winter_Holotape-3.ogg', 'holotapes/Eddie_Winter/Eddie_Winter_Holotape-4.ogg', 'holotapes/Eddie_Winter/Eddie_Winter_Holotape-5.ogg', 'holotapes/Eddie_Winter/Eddie_Winter_Holotape-6.ogg', 'holotapes/Eddie_Winter/Eddie_Winter_Holotape-7.ogg', 'holotapes/Eddie_Winter/Eddie_Winter_Holotape-8.ogg', 'holotapes/Eddie_Winter/Eddie_Winter_Holotape-9.ogg']
queue load invoked, stack:
  File "/home/eli/workspace/pypboy/main.py", line 103, in <module>
    hol.load_audio_file(rels)
  File "/home/eli/workspace/pypboy/pypboy/modules/data/holotape_processor.py", line 714, in load_audio_file
    trace = ''.join(traceback.format_stack(limit=10))
Now Playing: /home/eli/workspace/pypboy/holotapes/Eddie_Winter/Eddie_Winter_Holotape-0.ogg
load_audio_file called with ['holotapes/Eddie_Winter/Eddie_Winter_Holotape-0.ogg', 'holotapes/Eddie_Winter/Eddie_Winter_Holotape-1.ogg', 'holotapes/Eddie_Winter/Eddie_Winter_Holotape-2.ogg', 'holotapes/Eddie_Winter/Eddie_Winter_Holotape-3.ogg', 'holotapes/Eddie_Winter/Eddie_Winter_Holotape-4.ogg', 'holotapes/Eddie_Winter/Eddie_Winter_Holotape-5.ogg', 'holotapes/Eddie_Winter/Eddie_Winter_Holotape-6.ogg', 'holotapes/Eddie_Winter/Eddie_Winter_Holotape-7.ogg', 'holotapes/Eddie_Winter/Eddie_Winter_Holotape-8.ogg', 'holotapes/Eddie_Winter/Eddie_Winter_Holotape-9.ogg']
queue load invoked, stack:
  File "<stdin>", line 17, in <module>
  File "/home/eli/workspace/pypboy/pypboy/modules/data/holotape_processor.py", line 64, in __init__
    self.menu = pypboy.ui.Menu(self.main_menu, holotapeCallbacks, 0)
  File "/home/eli/workspace/pypboy/pypboy/ui.py", line 422, in __init__
    self.select(self.selected)
  File "/home/eli/workspace/pypboy/pypboy/ui.py", line 433, in select
    self.callbacks[item]()
  File "/home/eli/workspace/pypboy/pypboy/modules/data/holotape_processor.py", line 57, in <lambda>
    holotapeCallbacks.append(lambda i=i: self.select_holotape(i))
  File "/home/eli/workspace/pypboy/pypboy/modules/data/holotape_processor.py", line 109, in select_holotape
    self.active_holotape.load_audio_file(rels)
  File "/home/eli/workspace/pypboy/pypboy/modules/data/holotape_processor.py", line 727, in load_audio_file
    trace = ''.join(traceback.format_stack(limit=10))
Now Playing: /home/eli/workspace/pypboy/holotapes/Eddie_Winter/Eddie_Winter_Holotape-0.ogg
load_audio_file called with ['holotapes/Eddie_Winter/Eddie_Winter_Holotape-0.ogg', 'holotapes/Eddie_Winter/Eddie_Winter_Holotape-1.ogg', 'holotapes/Eddie_Winter/Eddie_Winter_Holotape-2.ogg', 'holotapes/Eddie_Winter/Eddie_Winter_Holotape-3.ogg', 'holotapes/Eddie_Winter/Eddie_Winter_Holotape-4.ogg', 'holotapes/Eddie_Winter/Eddie_Winter_Holotape-5.ogg', 'holotapes/Eddie_Winter/Eddie_Winter_Holotape-6.ogg', 'holotapes/Eddie_Winter/Eddie_Winter_Holotape-7.ogg', 'holotapes/Eddie_Winter/Eddie_Winter_Holotape-8.ogg', 'holotapes/Eddie_Winter/Eddie_Winter_Holotape-9.ogg']
queue load invoked, stack:
  File "<stdin>", line 19, in <module>
  File "/home/eli/workspace/pypboy/pypboy/modules/data/holotape_processor.py", line 109, in select_holotape
    self.active_holotape.load_audio_file(rels)
  File "/home/eli/workspace/pypboy/pypboy/modules/data/holotape_processor.py", line 727, in load_audio_file
    trace = ''.join(traceback.format_stack(limit=10))
Now Playing: /home/eli/workspace/pypboy/holotapes/Eddie_Winter/Eddie_Winter_Holotape-0.ogg
load_audio_file called with ['holotapes/Eddie_Winter/Eddie_Winter_Holotape-0.ogg', 'holotapes/Eddie_Winter/Eddie_Winter_Holotape-1.ogg', 'holotapes/Eddie_Winter/Eddie_Winter_Holotape-2.ogg', 'holotapes/Eddie_Winter/Eddie_Winter_Holotape-3.ogg', 'holotapes/Eddie_Winter/Eddie_Winter_Holotape-4.ogg', 'holotapes/Eddie_Winter/Eddie_Winter_Holotape-5.ogg', 'holotapes/Eddie_Winter/Eddie_Winter_Holotape-6.ogg', 'holotapes/Eddie_Winter/Eddie_Winter_Holotape-7.ogg', 'holotapes/Eddie_Winter/Eddie_Winter_Holotape-8.ogg', 'holotapes/Eddie_Winter/Eddie_Winter_Holotape-9.ogg']
queue load invoked, stack:
  File "<stdin>", line 20, in <module>
  File "/home/eli/workspace/pypboy/pypboy/modules/data/holotape_processor.py", line 148, in handle_event
    self.active_holotape.load_audio_file(rels)
  File "/home/eli/workspace/pypboy/pypboy/modules/data/holotape_processor.py", line 727, in load_audio_file
    trace = ''.join(traceback.format_stack(limit=10))
Now Playing: /home/eli/workspace/pypboy/holotapes/Eddie_Winter/Eddie_Winter_Holotape-0.ogg
load_audio_file called with ['holotapes/Eddie_Winter/Eddie_Winter_Holotape-0.ogg', 'holotapes/Eddie_Winter/Eddie_Winter_Holotape-1.ogg', 'holotapes/Eddie_Winter/Eddie_Winter_Holotape-2.ogg', 'holotapes/Eddie_Winter/Eddie_Winter_Holotape-3.ogg', 'holotapes/Eddie_Winter/Eddie_Winter_Holotape-4.ogg', 'holotapes/Eddie_Winter/Eddie_Winter_Holotape-5.ogg', 'holotapes/Eddie_Winter/Eddie_Winter_Holotape-6.ogg', 'holotapes/Eddie_Winter/Eddie_Winter_Holotape-7.ogg', 'holotapes/Eddie_Winter/Eddie_Winter_Holotape-8.ogg', 'holotapes/Eddie_Winter/Eddie_Winter_Holotape-9.ogg']
queue load invoked, stack:
  File "/home/eli/workspace/pypboy/main.py", line 70, in <module>
    boy = Pypboy('Pip-Boy 3000 MK IV', settings.WIDTH, settings.HEIGHT)
  File "/home/eli/workspace/pypboy/pypboy/core.py", line 45, in __init__
    self.init_modules()
  File "/home/eli/workspace/pypboy/pypboy/core.py", line 65, in init_modules
    "data": data.Module(self),
  File "/home/eli/workspace/pypboy/pypboy/modules/data/__init__.py", line 51, in __init__
    holotape_processor.Module(self),
  File "/home/eli/workspace/pypboy/pypboy/modules/data/holotape_processor.py", line 64, in __init__
    self.menu = pypboy.ui.Menu(self.main_menu, holotapeCallbacks, 0)
  File "/home/eli/workspace/pypboy/pypboy/ui.py", line 422, in __init__
    self.select(self.selected)
  File "/home/eli/workspace/pypboy/pypboy/ui.py", line 433, in select
    self.callbacks[item]()
  File "/home/eli/workspace/pypboy/pypboy/modules/data/holotape_processor.py", line 57, in <lambda>
    holotapeCallbacks.append(lambda i=i: self.select_holotape(i))
  File "/home/eli/workspace/pypboy/pypboy/modules/data/holotape_processor.py", line 109, in select_holotape
    self.active_holotape.load_audio_file(rels)
  File "/home/eli/workspace/pypboy/pypboy/modules/data/holotape_processor.py", line 727, in load_audio_file
    trace = ''.join(traceback.format_stack(limit=10))
Now Playing: /home/eli/workspace/pypboy/holotapes/Eddie_Winter/Eddie_Winter_Holotape-0.ogg
load_audio_file called with ['holotapes/Eddie_Winter/Eddie_Winter_Holotape-0.ogg', 'holotapes/Eddie_Winter/Eddie_Winter_Holotape-1.ogg', 'holotapes/Eddie_Winter/Eddie_Winter_Holotape-2.ogg', 'holotapes/Eddie_Winter/Eddie_Winter_Holotape-3.ogg', 'holotapes/Eddie_Winter/Eddie_Winter_Holotape-4.ogg', 'holotapes/Eddie_Winter/Eddie_Winter_Holotape-5.ogg', 'holotapes/Eddie_Winter/Eddie_Winter_Holotape-6.ogg', 'holotapes/Eddie_Winter/Eddie_Winter_Holotape-7.ogg', 'holotapes/Eddie_Winter/Eddie_Winter_Holotape-8.ogg', 'holotapes/Eddie_Winter/Eddie_Winter_Holotape-9.ogg']
queue load invoked, stack:
  File "/home/eli/workspace/pypboy/main.py", line 94, in <module>
    hol_mod.select_holotape(i)
  File "/home/eli/workspace/pypboy/pypboy/modules/data/holotape_processor.py", line 109, in select_holotape
    self.active_holotape.load_audio_file(rels)
  File "/home/eli/workspace/pypboy/pypboy/modules/data/holotape_processor.py", line 727, in load_audio_file
    trace = ''.join(traceback.format_stack(limit=10))
Now Playing: /home/eli/workspace/pypboy/holotapes/Eddie_Winter/Eddie_Winter_Holotape-0.ogg
load_audio_file called with ['holotapes/Eddie_Winter/Eddie_Winter_Holotape-0.ogg', 'holotapes/Eddie_Winter/Eddie_Winter_Holotape-1.ogg', 'holotapes/Eddie_Winter/Eddie_Winter_Holotape-2.ogg', 'holotapes/Eddie_Winter/Eddie_Winter_Holotape-3.ogg', 'holotapes/Eddie_Winter/Eddie_Winter_Holotape-4.ogg', 'holotapes/Eddie_Winter/Eddie_Winter_Holotape-5.ogg', 'holotapes/Eddie_Winter/Eddie_Winter_Holotape-6.ogg', 'holotapes/Eddie_Winter/Eddie_Winter_Holotape-7.ogg', 'holotapes/Eddie_Winter/Eddie_Winter_Holotape-8.ogg', 'holotapes/Eddie_Winter/Eddie_Winter_Holotape-9.ogg']
queue load invoked, stack:
  File "/home/eli/workspace/pypboy/main.py", line 103, in <module>
    hol.load_audio_file(rels)
  File "/home/eli/workspace/pypboy/pypboy/modules/data/holotape_processor.py", line 727, in load_audio_file
    trace = ''.join(traceback.format_stack(limit=10))
Now Playing: /home/eli/workspace/pypboy/holotapes/Eddie_Winter/Eddie_Winter_Holotape-0.ogg
load_audio_file called with ['holotapes/Eddie_Winter/Eddie_Winter_Holotape-0.ogg', 'holotapes/Eddie_Winter/Eddie_Winter_Holotape-1.ogg', 'holotapes/Eddie_Winter/Eddie_Winter_Holotape-2.ogg', 'holotapes/Eddie_Winter/Eddie_Winter_Holotape-3.ogg', 'holotapes/Eddie_Winter/Eddie_Winter_Holotape-4.ogg', 'holotapes/Eddie_Winter/Eddie_Winter_Holotape-5.ogg', 'holotapes/Eddie_Winter/Eddie_Winter_Holotape-6.ogg', 'holotapes/Eddie_Winter/Eddie_Winter_Holotape-7.ogg', 'holotapes/Eddie_Winter/Eddie_Winter_Holotape-8.ogg', 'holotapes/Eddie_Winter/Eddie_Winter_Holotape-9.ogg']
queue load invoked, stack:
  File "/home/eli/workspace/pypboy/main.py", line 70, in <module>
    boy = Pypboy('Pip-Boy 3000 MK IV', settings.WIDTH, settings.HEIGHT)
  File "/home/eli/workspace/pypboy/pypboy/core.py", line 45, in __init__
    self.init_modules()
  File "/home/eli/workspace/pypboy/pypboy/core.py", line 65, in init_modules
    "data": data.Module(self),
  File "/home/eli/workspace/pypboy/pypboy/modules/data/__init__.py", line 51, in __init__
    holotape_processor.Module(self),
  File "/home/eli/workspace/pypboy/pypboy/modules/data/holotape_processor.py", line 64, in __init__
    self.menu = pypboy.ui.Menu(self.main_menu, holotapeCallbacks, 0)
  File "/home/eli/workspace/pypboy/pypboy/ui.py", line 422, in __init__
    self.select(self.selected)
  File "/home/eli/workspace/pypboy/pypboy/ui.py", line 433, in select
    self.callbacks[item]()
  File "/home/eli/workspace/pypboy/pypboy/modules/data/holotape_processor.py", line 57, in <lambda>
    holotapeCallbacks.append(lambda i=i: self.select_holotape(i))
  File "/home/eli/workspace/pypboy/pypboy/modules/data/holotape_processor.py", line 109, in select_holotape
    self.active_holotape.load_audio_file(rels)
  File "/home/eli/workspace/pypboy/pypboy/modules/data/holotape_processor.py", line 727, in load_audio_file
    trace = ''.join(traceback.format_stack(limit=10))
Now Playing: /home/eli/workspace/pypboy/holotapes/Eddie_Winter/Eddie_Winter_Holotape-0.ogg
load_audio_file called with ['holotapes/Hi_Honey/Hi_honey!_Nate.ogg', 'holotapes/Hi_Honey/Hi_honey!_Nora.ogg']
queue load invoked, stack:
  File "/home/eli/workspace/pypboy/pypboy/core.py", line 154, in run
    self.handle_event(event)
  File "/home/eli/workspace/pypboy/pypboy/core.py", line 129, in handle_event
    self.handle_action(settings.ACTIONS[event.key])
  File "/home/eli/workspace/pypboy/pypboy/core.py", line 107, in handle_action
    self.active.handle_action(action)
  File "/home/eli/workspace/pypboy/pypboy/__init__.py", line 106, in handle_action
    self.active.handle_action(action, value)
  File "/home/eli/workspace/pypboy/pypboy/__init__.py", line 148, in handle_action
    self.menu.handle_action(action)
  File "/home/eli/workspace/pypboy/pypboy/ui.py", line 451, in handle_action
    self.select(self.selected)
  File "/home/eli/workspace/pypboy/pypboy/ui.py", line 433, in select
    self.callbacks[item]()
  File "/home/eli/workspace/pypboy/pypboy/modules/data/holotape_processor.py", line 57, in <lambda>
    holotapeCallbacks.append(lambda i=i: self.select_holotape(i))
  File "/home/eli/workspace/pypboy/pypboy/modules/data/holotape_processor.py", line 109, in select_holotape
    self.active_holotape.load_audio_file(rels)
  File "/home/eli/workspace/pypboy/pypboy/modules/data/holotape_processor.py", line 727, in load_audio_file
    trace = ''.join(traceback.format_stack(limit=10))
Now Playing: /home/eli/workspace/pypboy/holotapes/Hi_Honey/Hi_honey!_Nate.ogg
load_audio_file called with ['holotapes/System_Calibration/01.ogg', 'holotapes/System_Calibration/02.ogg', 'holotapes/System_Calibration/03.ogg', 'holotapes/System_Calibration/04.ogg']
queue load invoked, stack:
  File "/home/eli/workspace/pypboy/pypboy/core.py", line 154, in run
    self.handle_event(event)
  File "/home/eli/workspace/pypboy/pypboy/core.py", line 129, in handle_event
    self.handle_action(settings.ACTIONS[event.key])
  File "/home/eli/workspace/pypboy/pypboy/core.py", line 107, in handle_action
    self.active.handle_action(action)
  File "/home/eli/workspace/pypboy/pypboy/__init__.py", line 106, in handle_action
    self.active.handle_action(action, value)
  File "/home/eli/workspace/pypboy/pypboy/__init__.py", line 148, in handle_action
    self.menu.handle_action(action)
  File "/home/eli/workspace/pypboy/pypboy/ui.py", line 451, in handle_action
    self.select(self.selected)
  File "/home/eli/workspace/pypboy/pypboy/ui.py", line 433, in select
    self.callbacks[item]()
  File "/home/eli/workspace/pypboy/pypboy/modules/data/holotape_processor.py", line 57, in <lambda>
    holotapeCallbacks.append(lambda i=i: self.select_holotape(i))
  File "/home/eli/workspace/pypboy/pypboy/modules/data/holotape_processor.py", line 109, in select_holotape
    self.active_holotape.load_audio_file(rels)
  File "/home/eli/workspace/pypboy/pypboy/modules/data/holotape_processor.py", line 727, in load_audio_file
    trace = ''.join(traceback.format_stack(limit=10))
Now Playing: /home/eli/workspace/pypboy/holotapes/System_Calibration/01.ogg
load_audio_file called with ['holotapes/bedford_station/Bedford_Station_Recording-Holotape.ogg']
queue load invoked, stack:
  File "/home/eli/workspace/pypboy/pypboy/core.py", line 154, in run
    self.handle_event(event)
  File "/home/eli/workspace/pypboy/pypboy/core.py", line 129, in handle_event
    self.handle_action(settings.ACTIONS[event.key])
  File "/home/eli/workspace/pypboy/pypboy/core.py", line 107, in handle_action
    self.active.handle_action(action)
  File "/home/eli/workspace/pypboy/pypboy/__init__.py", line 106, in handle_action
    self.active.handle_action(action, value)
  File "/home/eli/workspace/pypboy/pypboy/__init__.py", line 148, in handle_action
    self.menu.handle_action(action)
  File "/home/eli/workspace/pypboy/pypboy/ui.py", line 451, in handle_action
    self.select(self.selected)
  File "/home/eli/workspace/pypboy/pypboy/ui.py", line 433, in select
    self.callbacks[item]()
  File "/home/eli/workspace/pypboy/pypboy/modules/data/holotape_processor.py", line 57, in <lambda>
    holotapeCallbacks.append(lambda i=i: self.select_holotape(i))
  File "/home/eli/workspace/pypboy/pypboy/modules/data/holotape_processor.py", line 109, in select_holotape
    self.active_holotape.load_audio_file(rels)
  File "/home/eli/workspace/pypboy/pypboy/modules/data/holotape_processor.py", line 727, in load_audio_file
    trace = ''.join(traceback.format_stack(limit=10))
Now Playing: /home/eli/workspace/pypboy/holotapes/bedford_station/Bedford_Station_Recording-Holotape.ogg
load_audio_file called with ['holotapes/bedford_station/Bedford_Station_Recording-Holotape.ogg']
queue load invoked, stack:
  File "/home/eli/workspace/pypboy/main.py", line 106, in <module>
    boy.run()
  File "/home/eli/workspace/pypboy/pypboy/core.py", line 156, in run
    self.active.handle_event(event)
  File "/home/eli/workspace/pypboy/pypboy/__init__.py", line 110, in handle_event
    self.active.handle_event(event)
  File "/home/eli/workspace/pypboy/pypboy/modules/data/holotape_processor.py", line 148, in handle_event
    self.active_holotape.load_audio_file(rels)
  File "/home/eli/workspace/pypboy/pypboy/modules/data/holotape_processor.py", line 727, in load_audio_file
    trace = ''.join(traceback.format_stack(limit=10))
Now Playing: /home/eli/workspace/pypboy/holotapes/bedford_station/Bedford_Station_Recording-Holotape.ogg
start_audio_queue index=0 files=['/home/eli/workspace/pypboy/holotapes/Eddie_Winter/Eddie_Winter_Holotape-0.ogg', '/home/eli/workspace/pypboy/holotapes/Eddie_Winter/Eddie_Winter_Holotape-1.ogg', '/home/eli/workspace/pypboy/holotapes/Eddie_Winter/Eddie_Winter_Holotape-2.ogg', '/home/eli/workspace/pypboy/holotapes/Eddie_Winter/Eddie_Winter_Holotape-3.ogg', '/home/eli/workspace/pypboy/holotapes/Eddie_Winter/Eddie_Winter_Holotape-4.ogg', '/home/eli/workspace/pypboy/holotapes/Eddie_Winter/Eddie_Winter_Holotape-5.ogg', '/home/eli/workspace/pypboy/holotapes/Eddie_Winter/Eddie_Winter_Holotape-6.ogg', '/home/eli/workspace/pypboy/holotapes/Eddie_Winter/Eddie_Winter_Holotape-7.ogg', '/home/eli/workspace/pypboy/holotapes/Eddie_Winter/Eddie_Winter_Holotape-8.ogg', '/home/eli/workspace/pypboy/holotapes/Eddie_Winter/Eddie_Winter_Holotape-9.ogg']
load_audio_file called with ['holotapes/Eddie_Winter/Eddie_Winter_Holotape-0.ogg', 'holotapes/Eddie_Winter/Eddie_Winter_Holotape-1.ogg', 'holotapes/Eddie_Winter/Eddie_Winter_Holotape-2.ogg', 'holotapes/Eddie_Winter/Eddie_Winter_Holotape-3.ogg', 'holotapes/Eddie_Winter/Eddie_Winter_Holotape-4.ogg', 'holotapes/Eddie_Winter/Eddie_Winter_Holotape-5.ogg', 'holotapes/Eddie_Winter/Eddie_Winter_Holotape-6.ogg', 'holotapes/Eddie_Winter/Eddie_Winter_Holotape-7.ogg', 'holotapes/Eddie_Winter/Eddie_Winter_Holotape-8.ogg', 'holotapes/Eddie_Winter/Eddie_Winter_Holotape-9.ogg']
queue load invoked, stack:
  File "<stdin>", line 16, in <module>
  File "/home/eli/workspace/pypboy/pypboy/modules/data/holotape_processor.py", line 120, in handle_event
    self.start_audio_queue(idx, self.pending_audio_files)
  File "/home/eli/workspace/pypboy/pypboy/modules/data/holotape_processor.py", line 95, in start_audio_queue
    self.active_holotape.load_audio_file(rels)
  File "/home/eli/workspace/pypboy/pypboy/modules/data/holotape_processor.py", line 763, in load_audio_file
    trace = ''.join(traceback.format_stack(limit=10))
Now Playing: /home/eli/workspace/pypboy/holotapes/Eddie_Winter/Eddie_Winter_Holotape-0.ogg
load_audio_file called with ['holotapes/Eddie_Winter/Eddie_Winter_Holotape-0.ogg', 'holotapes/Eddie_Winter/Eddie_Winter_Holotape-1.ogg', 'holotapes/Eddie_Winter/Eddie_Winter_Holotape-2.ogg', 'holotapes/Eddie_Winter/Eddie_Winter_Holotape-3.ogg', 'holotapes/Eddie_Winter/Eddie_Winter_Holotape-4.ogg', 'holotapes/Eddie_Winter/Eddie_Winter_Holotape-5.ogg', 'holotapes/Eddie_Winter/Eddie_Winter_Holotape-6.ogg', 'holotapes/Eddie_Winter/Eddie_Winter_Holotape-7.ogg', 'holotapes/Eddie_Winter/Eddie_Winter_Holotape-8.ogg', 'holotapes/Eddie_Winter/Eddie_Winter_Holotape-9.ogg']
queue load invoked, stack:
  File "/home/eli/workspace/pypboy/main.py", line 103, in <module>
    hol.load_audio_file(rels)
  File "/home/eli/workspace/pypboy/pypboy/modules/data/holotape_processor.py", line 763, in load_audio_file
    trace = ''.join(traceback.format_stack(limit=10))
Now Playing: /home/eli/workspace/pypboy/holotapes/Eddie_Winter/Eddie_Winter_Holotape-0.ogg
start_audio_queue index=0 files=['/home/eli/workspace/pypboy/holotapes/Eddie_Winter/Eddie_Winter_Holotape-0.ogg', '/home/eli/workspace/pypboy/holotapes/Eddie_Winter/Eddie_Winter_Holotape-1.ogg', '/home/eli/workspace/pypboy/holotapes/Eddie_Winter/Eddie_Winter_Holotape-2.ogg', '/home/eli/workspace/pypboy/holotapes/Eddie_Winter/Eddie_Winter_Holotape-3.ogg', '/home/eli/workspace/pypboy/holotapes/Eddie_Winter/Eddie_Winter_Holotape-4.ogg', '/home/eli/workspace/pypboy/holotapes/Eddie_Winter/Eddie_Winter_Holotape-5.ogg', '/home/eli/workspace/pypboy/holotapes/Eddie_Winter/Eddie_Winter_Holotape-6.ogg', '/home/eli/workspace/pypboy/holotapes/Eddie_Winter/Eddie_Winter_Holotape-7.ogg', '/home/eli/workspace/pypboy/holotapes/Eddie_Winter/Eddie_Winter_Holotape-8.ogg', '/home/eli/workspace/pypboy/holotapes/Eddie_Winter/Eddie_Winter_Holotape-9.ogg']
load_audio_file called with ['holotapes/Eddie_Winter/Eddie_Winter_Holotape-0.ogg', 'holotapes/Eddie_Winter/Eddie_Winter_Holotape-1.ogg', 'holotapes/Eddie_Winter/Eddie_Winter_Holotape-2.ogg', 'holotapes/Eddie_Winter/Eddie_Winter_Holotape-3.ogg', 'holotapes/Eddie_Winter/Eddie_Winter_Holotape-4.ogg', 'holotapes/Eddie_Winter/Eddie_Winter_Holotape-5.ogg', 'holotapes/Eddie_Winter/Eddie_Winter_Holotape-6.ogg', 'holotapes/Eddie_Winter/Eddie_Winter_Holotape-7.ogg', 'holotapes/Eddie_Winter/Eddie_Winter_Holotape-8.ogg', 'holotapes/Eddie_Winter/Eddie_Winter_Holotape-9.ogg']
queue load invoked, stack:
  File "<stdin>", line 18, in <module>
  File "/home/eli/workspace/pypboy/pypboy/modules/data/holotape_processor.py", line 120, in handle_event
    self.start_audio_queue(idx, self.pending_audio_files)
  File "/home/eli/workspace/pypboy/pypboy/modules/data/holotape_processor.py", line 95, in start_audio_queue
    self.active_holotape.load_audio_file(rels)
  File "/home/eli/workspace/pypboy/pypboy/modules/data/holotape_processor.py", line 763, in load_audio_file
    trace = ''.join(traceback.format_stack(limit=10))
Now Playing: /home/eli/workspace/pypboy/holotapes/Eddie_Winter/Eddie_Winter_Holotape-0.ogg
start_audio_queue index=1 files=['/home/eli/workspace/pypboy/holotapes/Eddie_Winter/Eddie_Winter_Holotape-0.ogg', '/home/eli/workspace/pypboy/holotapes/Eddie_Winter/Eddie_Winter_Holotape-1.ogg', '/home/eli/workspace/pypboy/holotapes/Eddie_Winter/Eddie_Winter_Holotape-2.ogg', '/home/eli/workspace/pypboy/holotapes/Eddie_Winter/Eddie_Winter_Holotape-3.ogg', '/home/eli/workspace/pypboy/holotapes/Eddie_Winter/Eddie_Winter_Holotape-4.ogg', '/home/eli/workspace/pypboy/holotapes/Eddie_Winter/Eddie_Winter_Holotape-5.ogg', '/home/eli/workspace/pypboy/holotapes/Eddie_Winter/Eddie_Winter_Holotape-6.ogg', '/home/eli/workspace/pypboy/holotapes/Eddie_Winter/Eddie_Winter_Holotape-7.ogg', '/home/eli/workspace/pypboy/holotapes/Eddie_Winter/Eddie_Winter_Holotape-8.ogg', '/home/eli/workspace/pypboy/holotapes/Eddie_Winter/Eddie_Winter_Holotape-9.ogg']
load_audio_file called with ['holotapes/Eddie_Winter/Eddie_Winter_Holotape-1.ogg', 'holotapes/Eddie_Winter/Eddie_Winter_Holotape-2.ogg', 'holotapes/Eddie_Winter/Eddie_Winter_Holotape-3.ogg', 'holotapes/Eddie_Winter/Eddie_Winter_Holotape-4.ogg', 'holotapes/Eddie_Winter/Eddie_Winter_Holotape-5.ogg', 'holotapes/Eddie_Winter/Eddie_Winter_Holotape-6.ogg', 'holotapes/Eddie_Winter/Eddie_Winter_Holotape-7.ogg', 'holotapes/Eddie_Winter/Eddie_Winter_Holotape-8.ogg', 'holotapes/Eddie_Winter/Eddie_Winter_Holotape-9.ogg']
queue load invoked, stack:
  File "<stdin>", line 16, in <module>
  File "/home/eli/workspace/pypboy/pypboy/modules/data/holotape_processor.py", line 120, in handle_event
    self.start_audio_queue(idx, self.pending_audio_files)
  File "/home/eli/workspace/pypboy/pypboy/modules/data/holotape_processor.py", line 95, in start_audio_queue
    self.active_holotape.load_audio_file(rels)
  File "/home/eli/workspace/pypboy/pypboy/modules/data/holotape_processor.py", line 770, in load_audio_file
    trace = ''.join(traceback.format_stack(limit=10))
Now Playing: /home/eli/workspace/pypboy/holotapes/Eddie_Winter/Eddie_Winter_Holotape-1.ogg
start_audio_queue index=1 files=['/home/eli/workspace/pypboy/holotapes/Eddie_Winter/Eddie_Winter_Holotape-0.ogg', '/home/eli/workspace/pypboy/holotapes/Eddie_Winter/Eddie_Winter_Holotape-1.ogg', '/home/eli/workspace/pypboy/holotapes/Eddie_Winter/Eddie_Winter_Holotape-2.ogg', '/home/eli/workspace/pypboy/holotapes/Eddie_Winter/Eddie_Winter_Holotape-3.ogg', '/home/eli/workspace/pypboy/holotapes/Eddie_Winter/Eddie_Winter_Holotape-4.ogg', '/home/eli/workspace/pypboy/holotapes/Eddie_Winter/Eddie_Winter_Holotape-5.ogg', '/home/eli/workspace/pypboy/holotapes/Eddie_Winter/Eddie_Winter_Holotape-6.ogg', '/home/eli/workspace/pypboy/holotapes/Eddie_Winter/Eddie_Winter_Holotape-7.ogg', '/home/eli/workspace/pypboy/holotapes/Eddie_Winter/Eddie_Winter_Holotape-8.ogg', '/home/eli/workspace/pypboy/holotapes/Eddie_Winter/Eddie_Winter_Holotape-9.ogg']
load_audio_file called with ['holotapes/Eddie_Winter/Eddie_Winter_Holotape-1.ogg', 'holotapes/Eddie_Winter/Eddie_Winter_Holotape-2.ogg', 'holotapes/Eddie_Winter/Eddie_Winter_Holotape-3.ogg', 'holotapes/Eddie_Winter/Eddie_Winter_Holotape-4.ogg', 'holotapes/Eddie_Winter/Eddie_Winter_Holotape-5.ogg', 'holotapes/Eddie_Winter/Eddie_Winter_Holotape-6.ogg', 'holotapes/Eddie_Winter/Eddie_Winter_Holotape-7.ogg', 'holotapes/Eddie_Winter/Eddie_Winter_Holotape-8.ogg', 'holotapes/Eddie_Winter/Eddie_Winter_Holotape-9.ogg']
queue load invoked, stack:
  File "<stdin>", line 15, in <module>
  File "/home/eli/workspace/pypboy/pypboy/modules/data/holotape_processor.py", line 120, in handle_event
    self.start_audio_queue(idx, self.pending_audio_files)
  File "/home/eli/workspace/pypboy/pypboy/modules/data/holotape_processor.py", line 95, in start_audio_queue
    self.active_holotape.load_audio_file(rels)
  File "/home/eli/workspace/pypboy/pypboy/modules/data/holotape_processor.py", line 778, in load_audio_file
    trace = ''.join(traceback.format_stack(limit=10))
Now Playing: /home/eli/workspace/pypboy/holotapes/Eddie_Winter/Eddie_Winter_Holotape-1.ogg
start_audio_queue index=0 files=['/home/eli/workspace/pypboy/holotapes/Eddie_Winter/Eddie_Winter_Holotape-0.ogg', '/home/eli/workspace/pypboy/holotapes/Eddie_Winter/Eddie_Winter_Holotape-1.ogg', '/home/eli/workspace/pypboy/holotapes/Eddie_Winter/Eddie_Winter_Holotape-2.ogg', '/home/eli/workspace/pypboy/holotapes/Eddie_Winter/Eddie_Winter_Holotape-3.ogg', '/home/eli/workspace/pypboy/holotapes/Eddie_Winter/Eddie_Winter_Holotape-4.ogg', '/home/eli/workspace/pypboy/holotapes/Eddie_Winter/Eddie_Winter_Holotape-5.ogg', '/home/eli/workspace/pypboy/holotapes/Eddie_Winter/Eddie_Winter_Holotape-6.ogg', '/home/eli/workspace/pypboy/holotapes/Eddie_Winter/Eddie_Winter_Holotape-7.ogg', '/home/eli/workspace/pypboy/holotapes/Eddie_Winter/Eddie_Winter_Holotape-8.ogg', '/home/eli/workspace/pypboy/holotapes/Eddie_Winter/Eddie_Winter_Holotape-9.ogg']
load_audio_file called with ['holotapes/Eddie_Winter/Eddie_Winter_Holotape-0.ogg', 'holotapes/Eddie_Winter/Eddie_Winter_Holotape-1.ogg', 'holotapes/Eddie_Winter/Eddie_Winter_Holotape-2.ogg', 'holotapes/Eddie_Winter/Eddie_Winter_Holotape-3.ogg', 'holotapes/Eddie_Winter/Eddie_Winter_Holotape-4.ogg', 'holotapes/Eddie_Winter/Eddie_Winter_Holotape-5.ogg', 'holotapes/Eddie_Winter/Eddie_Winter_Holotape-6.ogg', 'holotapes/Eddie_Winter/Eddie_Winter_Holotape-7.ogg', 'holotapes/Eddie_Winter/Eddie_Winter_Holotape-8.ogg', 'holotapes/Eddie_Winter/Eddie_Winter_Holotape-9.ogg']
queue load invoked, stack:
  File "/home/eli/workspace/pypboy/main.py", line 106, in <module>
    boy.run()
  File "/home/eli/workspace/pypboy/pypboy/core.py", line 156, in run
    self.active.handle_event(event)
  File "/home/eli/workspace/pypboy/pypboy/__init__.py", line 110, in handle_event
    self.active.handle_event(event)
  File "/home/eli/workspace/pypboy/pypboy/modules/data/holotape_processor.py", line 120, in handle_event
    self.start_audio_queue(idx, self.pending_audio_files)
  File "/home/eli/workspace/pypboy/pypboy/modules/data/holotape_processor.py", line 95, in start_audio_queue
    self.active_holotape.load_audio_file(rels)
  File "/home/eli/workspace/pypboy/pypboy/modules/data/holotape_processor.py", line 778, in load_audio_file
    trace = ''.join(traceback.format_stack(limit=10))
Now Playing: /home/eli/workspace/pypboy/holotapes/Eddie_Winter/Eddie_Winter_Holotape-0.ogg
load_audio_file called with ['holotapes/Eddie_Winter/Eddie_Winter_Holotape-0.ogg', 'holotapes/Eddie_Winter/Eddie_Winter_Holotape-1.ogg', 'holotapes/Eddie_Winter/Eddie_Winter_Holotape-2.ogg', 'holotapes/Eddie_Winter/Eddie_Winter_Holotape-3.ogg', 'holotapes/Eddie_Winter/Eddie_Winter_Holotape-4.ogg', 'holotapes/Eddie_Winter/Eddie_Winter_Holotape-5.ogg', 'holotapes/Eddie_Winter/Eddie_Winter_Holotape-6.ogg', 'holotapes/Eddie_Winter/Eddie_Winter_Holotape-7.ogg', 'holotapes/Eddie_Winter/Eddie_Winter_Holotape-8.ogg', 'holotapes/Eddie_Winter/Eddie_Winter_Holotape-9.ogg']
queue load invoked, stack:
  File "/home/eli/workspace/pypboy/main.py", line 105, in <module>
    hol.load_audio_file(rels)
  File "/home/eli/workspace/pypboy/pypboy/modules/data/holotape_processor.py", line 809, in load_audio_file
    trace = ''.join(traceback.format_stack(limit=10))
Now Playing: /home/eli/workspace/pypboy/holotapes/Eddie_Winter/Eddie_Winter_Holotape-0.ogg
start_audio_queue index=0 files=['/home/eli/workspace/pypboy/holotapes/Hi_Honey/Hi_honey!_Nora.ogg']
load_audio_file called with ['holotapes/Hi_Honey/Hi_honey!_Nora.ogg']
queue load invoked, stack:
  File "/home/eli/workspace/pypboy/main.py", line 108, in <module>
    boy.run()
  File "/home/eli/workspace/pypboy/pypboy/core.py", line 156, in run
    self.active.handle_event(event)
  File "/home/eli/workspace/pypboy/pypboy/__init__.py", line 110, in handle_event
    self.active.handle_event(event)
  File "/home/eli/workspace/pypboy/pypboy/modules/data/holotape_processor.py", line 210, in handle_event
    self.start_audio_queue(0, only)
  File "/home/eli/workspace/pypboy/pypboy/modules/data/holotape_processor.py", line 123, in start_audio_queue
    self.active_holotape.load_audio_file(rels)
  File "/home/eli/workspace/pypboy/pypboy/modules/data/holotape_processor.py", line 809, in load_audio_file
    trace = ''.join(traceback.format_stack(limit=10))
Now Playing: /home/eli/workspace/pypboy/holotapes/Hi_Honey/Hi_honey!_Nora.ogg
start_audio_queue index=0 files=['/home/eli/workspace/pypboy/holotapes/Eddie_Winter/Eddie_Winter_Holotape-0.ogg', '/home/eli/workspace/pypboy/holotapes/Eddie_Winter/Eddie_Winter_Holotape-1.ogg', '/home/eli/workspace/pypboy/holotapes/Eddie_Winter/Eddie_Winter_Holotape-2.ogg', '/home/eli/workspace/pypboy/holotapes/Eddie_Winter/Eddie_Winter_Holotape-3.ogg', '/home/eli/workspace/pypboy/holotapes/Eddie_Winter/Eddie_Winter_Holotape-4.ogg', '/home/eli/workspace/pypboy/holotapes/Eddie_Winter/Eddie_Winter_Holotape-5.ogg', '/home/eli/workspace/pypboy/holotapes/Eddie_Winter/Eddie_Winter_Holotape-6.ogg', '/home/eli/workspace/pypboy/holotapes/Eddie_Winter/Eddie_Winter_Holotape-7.ogg', '/home/eli/workspace/pypboy/holotapes/Eddie_Winter/Eddie_Winter_Holotape-8.ogg', '/home/eli/workspace/pypboy/holotapes/Eddie_Winter/Eddie_Winter_Holotape-9.ogg']
load_audio_file called with ['holotapes/Eddie_Winter/Eddie_Winter_Holotape-0.ogg', 'holotapes/Eddie_Winter/Eddie_Winter_Holotape-1.ogg', 'holotapes/Eddie_Winter/Eddie_Winter_Holotape-2.ogg', 'holotapes/Eddie_Winter/Eddie_Winter_Holotape-3.ogg', 'holotapes/Eddie_Winter/Eddie_Winter_Holotape-4.ogg', 'holotapes/Eddie_Winter/Eddie_Winter_Holotape-5.ogg', 'holotapes/Eddie_Winter/Eddie_Winter_Holotape-6.ogg', 'holotapes/Eddie_Winter/Eddie_Winter_Holotape-7.ogg', 'holotapes/Eddie_Winter/Eddie_Winter_Holotape-8.ogg', 'holotapes/Eddie_Winter/Eddie_Winter_Holotape-9.ogg']
queue load invoked, stack:
  File "/home/eli/workspace/pypboy/main.py", line 108, in <module>
    boy.run()
  File "/home/eli/workspace/pypboy/pypboy/core.py", line 156, in run
    self.active.handle_event(event)
  File "/home/eli/workspace/pypboy/pypboy/__init__.py", line 110, in handle_event
    self.active.handle_event(event)
  File "/home/eli/workspace/pypboy/pypboy/modules/data/holotape_processor.py", line 150, in handle_event
    self.start_audio_queue(idx, paths)
  File "/home/eli/workspace/pypboy/pypboy/modules/data/holotape_processor.py", line 123, in start_audio_queue
    self.active_holotape.load_audio_file(rels)
  File "/home/eli/workspace/pypboy/pypboy/modules/data/holotape_processor.py", line 809, in load_audio_file
    trace = ''.join(traceback.format_stack(limit=10))
Now Playing: /home/eli/workspace/pypboy/holotapes/Eddie_Winter/Eddie_Winter_Holotape-0.ogg
start_audio_queue index=0 files=['/home/eli/workspace/pypboy/holotapes/Hi_Honey/Hi_honey!_Nora.ogg', '/home/eli/workspace/pypboy/holotapes/Hi_Honey/Hi_honey!_Nate.ogg']
load_audio_file called with ['holotapes/Hi_Honey/Hi_honey!_Nora.ogg', 'holotapes/Hi_Honey/Hi_honey!_Nate.ogg']
queue load invoked, stack:
  File "/home/eli/workspace/pypboy/main.py", line 108, in <module>
    boy.run()
  File "/home/eli/workspace/pypboy/pypboy/core.py", line 156, in run
    self.active.handle_event(event)
  File "/home/eli/workspace/pypboy/pypboy/__init__.py", line 110, in handle_event
    self.active.handle_event(event)
  File "/home/eli/workspace/pypboy/pypboy/modules/data/holotape_processor.py", line 150, in handle_event
    self.start_audio_queue(idx, paths)
  File "/home/eli/workspace/pypboy/pypboy/modules/data/holotape_processor.py", line 123, in start_audio_queue
    self.active_holotape.load_audio_file(rels)
  File "/home/eli/workspace/pypboy/pypboy/modules/data/holotape_processor.py", line 809, in load_audio_file
    trace = ''.join(traceback.format_stack(limit=10))
Now Playing: /home/eli/workspace/pypboy/holotapes/Hi_Honey/Hi_honey!_Nora.ogg
start_audio_queue index=0 files=['/home/eli/workspace/pypboy/holotapes/Hi_Honey/Hi_honey!_Nora.ogg', '/home/eli/workspace/pypboy/holotapes/Hi_Honey/Hi_honey!_Nate.ogg']
load_audio_file called with ['holotapes/Hi_Honey/Hi_honey!_Nora.ogg', 'holotapes/Hi_Honey/Hi_honey!_Nate.ogg']
queue load invoked, stack:
  File "/home/eli/workspace/pypboy/main.py", line 108, in <module>
    boy.run()
  File "/home/eli/workspace/pypboy/pypboy/core.py", line 156, in run
    self.active.handle_event(event)
  File "/home/eli/workspace/pypboy/pypboy/__init__.py", line 110, in handle_event
    self.active.handle_event(event)
  File "/home/eli/workspace/pypboy/pypboy/modules/data/holotape_processor.py", line 150, in handle_event
    self.start_audio_queue(idx, paths)
  File "/home/eli/workspace/pypboy/pypboy/modules/data/holotape_processor.py", line 123, in start_audio_queue
    self.active_holotape.load_audio_file(rels)
  File "/home/eli/workspace/pypboy/pypboy/modules/data/holotape_processor.py", line 809, in load_audio_file
    trace = ''.join(traceback.format_stack(limit=10))
Now Playing: /home/eli/workspace/pypboy/holotapes/Hi_Honey/Hi_honey!_Nora.ogg
start_audio_queue index=1 files=['/home/eli/workspace/pypboy/holotapes/Eddie_Winter/Eddie_Winter_Holotape-0.ogg', '/home/eli/workspace/pypboy/holotapes/Eddie_Winter/Eddie_Winter_Holotape-1.ogg', '/home/eli/workspace/pypboy/holotapes/Eddie_Winter/Eddie_Winter_Holotape-2.ogg', '/home/eli/workspace/pypboy/holotapes/Eddie_Winter/Eddie_Winter_Holotape-3.ogg', '/home/eli/workspace/pypboy/holotapes/Eddie_Winter/Eddie_Winter_Holotape-4.ogg', '/home/eli/workspace/pypboy/holotapes/Eddie_Winter/Eddie_Winter_Holotape-5.ogg', '/home/eli/workspace/pypboy/holotapes/Eddie_Winter/Eddie_Winter_Holotape-6.ogg', '/home/eli/workspace/pypboy/holotapes/Eddie_Winter/Eddie_Winter_Holotape-7.ogg', '/home/eli/workspace/pypboy/holotapes/Eddie_Winter/Eddie_Winter_Holotape-8.ogg', '/home/eli/workspace/pypboy/holotapes/Eddie_Winter/Eddie_Winter_Holotape-9.ogg']
load_audio_file called with ['holotapes/Eddie_Winter/Eddie_Winter_Holotape-1.ogg', 'holotapes/Eddie_Winter/Eddie_Winter_Holotape-2.ogg', 'holotapes/Eddie_Winter/Eddie_Winter_Holotape-3.ogg', 'holotapes/Eddie_Winter/Eddie_Winter_Holotape-4.ogg', 'holotapes/Eddie_Winter/Eddie_Winter_Holotape-5.ogg', 'holotapes/Eddie_Winter/Eddie_Winter_Holotape-6.ogg', 'holotapes/Eddie_Winter/Eddie_Winter_Holotape-7.ogg', 'holotapes/Eddie_Winter/Eddie_Winter_Holotape-8.ogg', 'holotapes/Eddie_Winter/Eddie_Winter_Holotape-9.ogg']
queue load invoked, stack:
  File "<stdin>", line 19, in <module>
  File "/home/eli/workspace/pypboy/pypboy/modules/data/holotape_processor.py", line 150, in handle_event
    self.start_audio_queue(idx, paths)
  File "/home/eli/workspace/pypboy/pypboy/modules/data/holotape_processor.py", line 123, in start_audio_queue
    self.active_holotape.load_audio_file(rels)
  File "/home/eli/workspace/pypboy/pypboy/modules/data/holotape_processor.py", line 815, in load_audio_file
    trace = ''.join(traceback.format_stack(limit=10))
Now Playing: /home/eli/workspace/pypboy/holotapes/Eddie_Winter/Eddie_Winter_Holotape-1.ogg
start_audio_queue index=0 files=['/home/eli/workspace/pypboy/holotapes/bedford_station/Bedford_Station_Recording-Holotape.ogg']
load_audio_file called with ['holotapes/bedford_station/Bedford_Station_Recording-Holotape.ogg']
queue load invoked, stack:
  File "/home/eli/workspace/pypboy/main.py", line 108, in <module>
    boy.run()
  File "/home/eli/workspace/pypboy/pypboy/core.py", line 156, in run
    self.active.handle_event(event)
  File "/home/eli/workspace/pypboy/pypboy/__init__.py", line 110, in handle_event
    self.active.handle_event(event)
  File "/home/eli/workspace/pypboy/pypboy/modules/data/holotape_processor.py", line 224, in handle_event
    self.start_audio_queue(0, only)
  File "/home/eli/workspace/pypboy/pypboy/modules/data/holotape_processor.py", line 123, in start_audio_queue
    self.active_holotape.load_audio_file(rels)
  File "/home/eli/workspace/pypboy/pypboy/modules/data/holotape_processor.py", line 823, in load_audio_file
    trace = ''.join(traceback.format_stack(limit=10))
Now Playing: /home/eli/workspace/pypboy/holotapes/bedford_station/Bedford_Station_Recording-Holotape.ogg
start_audio_queue index=0 files=['/home/eli/workspace/pypboy/holotapes/bedford_station/Bedford_Station_Recording-Holotape.ogg']
load_audio_file called with ['holotapes/bedford_station/Bedford_Station_Recording-Holotape.ogg']
queue load invoked, stack:
  File "/home/eli/workspace/pypboy/main.py", line 108, in <module>
    boy.run()
  File "/home/eli/workspace/pypboy/pypboy/core.py", line 156, in run
    self.active.handle_event(event)
  File "/home/eli/workspace/pypboy/pypboy/__init__.py", line 110, in handle_event
    self.active.handle_event(event)
  File "/home/eli/workspace/pypboy/pypboy/modules/data/holotape_processor.py", line 236, in handle_event
    self.start_audio_queue(0, only)
  File "/home/eli/workspace/pypboy/pypboy/modules/data/holotape_processor.py", line 123, in start_audio_queue
    self.active_holotape.load_audio_file(rels)
  File "/home/eli/workspace/pypboy/pypboy/modules/data/holotape_processor.py", line 835, in load_audio_file
    trace = ''.join(traceback.format_stack(limit=10))
Now Playing: /home/eli/workspace/pypboy/holotapes/bedford_station/Bedford_Station_Recording-Holotape.ogg
start_audio_queue index=0 files=['/home/eli/workspace/pypboy/holotapes/Eddie_Winter/Eddie_Winter_Holotape-0.ogg', '/home/eli/workspace/pypboy/holotapes/Eddie_Winter/Eddie_Winter_Holotape-1.ogg', '/home/eli/workspace/pypboy/holotapes/Eddie_Winter/Eddie_Winter_Holotape-2.ogg', '/home/eli/workspace/pypboy/holotapes/Eddie_Winter/Eddie_Winter_Holotape-3.ogg', '/home/eli/workspace/pypboy/holotapes/Eddie_Winter/Eddie_Winter_Holotape-4.ogg', '/home/eli/workspace/pypboy/holotapes/Eddie_Winter/Eddie_Winter_Holotape-5.ogg', '/home/eli/workspace/pypboy/holotapes/Eddie_Winter/Eddie_Winter_Holotape-6.ogg', '/home/eli/workspace/pypboy/holotapes/Eddie_Winter/Eddie_Winter_Holotape-7.ogg', '/home/eli/workspace/pypboy/holotapes/Eddie_Winter/Eddie_Winter_Holotape-8.ogg', '/home/eli/workspace/pypboy/holotapes/Eddie_Winter/Eddie_Winter_Holotape-9.ogg']
load_audio_file called with ['holotapes/Eddie_Winter/Eddie_Winter_Holotape-0.ogg', 'holotapes/Eddie_Winter/Eddie_Winter_Holotape-1.ogg', 'holotapes/Eddie_Winter/Eddie_Winter_Holotape-2.ogg', 'holotapes/Eddie_Winter/Eddie_Winter_Holotape-3.ogg', 'holotapes/Eddie_Winter/Eddie_Winter_Holotape-4.ogg', 'holotapes/Eddie_Winter/Eddie_Winter_Holotape-5.ogg', 'holotapes/Eddie_Winter/Eddie_Winter_Holotape-6.ogg', 'holotapes/Eddie_Winter/Eddie_Winter_Holotape-7.ogg', 'holotapes/Eddie_Winter/Eddie_Winter_Holotape-8.ogg', 'holotapes/Eddie_Winter/Eddie_Winter_Holotape-9.ogg']
queue load invoked, stack:
  File "/home/eli/workspace/pypboy/main.py", line 108, in <module>
    boy.run()
  File "/home/eli/workspace/pypboy/pypboy/core.py", line 156, in run
    self.active.handle_event(event)
  File "/home/eli/workspace/pypboy/pypboy/__init__.py", line 110, in handle_event
    self.active.handle_event(event)
  File "/home/eli/workspace/pypboy/pypboy/modules/data/holotape_processor.py", line 151, in handle_event
    self.start_audio_queue(idx, paths)
  File "/home/eli/workspace/pypboy/pypboy/modules/data/holotape_processor.py", line 123, in start_audio_queue
    self.active_holotape.load_audio_file(rels)
  File "/home/eli/workspace/pypboy/pypboy/modules/data/holotape_processor.py", line 835, in load_audio_file
    trace = ''.join(traceback.format_stack(limit=10))
Now Playing: /home/eli/workspace/pypboy/holotapes/Eddie_Winter/Eddie_Winter_Holotape-0.ogg
start_audio_queue index=0 files=['/home/eli/workspace/pypboy/holotapes/Eddie_Winter/Eddie_Winter_Holotape-0.ogg', '/home/eli/workspace/pypboy/holotapes/Eddie_Winter/Eddie_Winter_Holotape-1.ogg', '/home/eli/workspace/pypboy/holotapes/Eddie_Winter/Eddie_Winter_Holotape-2.ogg', '/home/eli/workspace/pypboy/holotapes/Eddie_Winter/Eddie_Winter_Holotape-3.ogg', '/home/eli/workspace/pypboy/holotapes/Eddie_Winter/Eddie_Winter_Holotape-4.ogg', '/home/eli/workspace/pypboy/holotapes/Eddie_Winter/Eddie_Winter_Holotape-5.ogg', '/home/eli/workspace/pypboy/holotapes/Eddie_Winter/Eddie_Winter_Holotape-6.ogg', '/home/eli/workspace/pypboy/holotapes/Eddie_Winter/Eddie_Winter_Holotape-7.ogg', '/home/eli/workspace/pypboy/holotapes/Eddie_Winter/Eddie_Winter_Holotape-8.ogg', '/home/eli/workspace/pypboy/holotapes/Eddie_Winter/Eddie_Winter_Holotape-9.ogg']
load_audio_file called with ['holotapes/Eddie_Winter/Eddie_Winter_Holotape-0.ogg', 'holotapes/Eddie_Winter/Eddie_Winter_Holotape-1.ogg', 'holotapes/Eddie_Winter/Eddie_Winter_Holotape-2.ogg', 'holotapes/Eddie_Winter/Eddie_Winter_Holotape-3.ogg', 'holotapes/Eddie_Winter/Eddie_Winter_Holotape-4.ogg', 'holotapes/Eddie_Winter/Eddie_Winter_Holotape-5.ogg', 'holotapes/Eddie_Winter/Eddie_Winter_Holotape-6.ogg', 'holotapes/Eddie_Winter/Eddie_Winter_Holotape-7.ogg', 'holotapes/Eddie_Winter/Eddie_Winter_Holotape-8.ogg', 'holotapes/Eddie_Winter/Eddie_Winter_Holotape-9.ogg']
queue load invoked, stack:
  File "/home/eli/workspace/pypboy/main.py", line 108, in <module>
    boy.run()
  File "/home/eli/workspace/pypboy/pypboy/core.py", line 156, in run
    self.active.handle_event(event)
  File "/home/eli/workspace/pypboy/pypboy/__init__.py", line 110, in handle_event
    self.active.handle_event(event)
  File "/home/eli/workspace/pypboy/pypboy/modules/data/holotape_processor.py", line 166, in handle_event
    self.start_audio_queue(idx, paths)
  File "/home/eli/workspace/pypboy/pypboy/modules/data/holotape_processor.py", line 123, in start_audio_queue
    self.active_holotape.load_audio_file(rels)
  File "/home/eli/workspace/pypboy/pypboy/modules/data/holotape_processor.py", line 861, in load_audio_file
    trace = ''.join(traceback.format_stack(limit=10))
Now Playing: /home/eli/workspace/pypboy/holotapes/Eddie_Winter/Eddie_Winter_Holotape-0.ogg
start_audio_queue index=0 files=['/home/eli/workspace/pypboy/holotapes/Eddie_Winter/Eddie_Winter_Holotape-0.ogg', '/home/eli/workspace/pypboy/holotapes/Eddie_Winter/Eddie_Winter_Holotape-1.ogg', '/home/eli/workspace/pypboy/holotapes/Eddie_Winter/Eddie_Winter_Holotape-2.ogg', '/home/eli/workspace/pypboy/holotapes/Eddie_Winter/Eddie_Winter_Holotape-3.ogg', '/home/eli/workspace/pypboy/holotapes/Eddie_Winter/Eddie_Winter_Holotape-4.ogg', '/home/eli/workspace/pypboy/holotapes/Eddie_Winter/Eddie_Winter_Holotape-5.ogg', '/home/eli/workspace/pypboy/holotapes/Eddie_Winter/Eddie_Winter_Holotape-6.ogg', '/home/eli/workspace/pypboy/holotapes/Eddie_Winter/Eddie_Winter_Holotape-7.ogg', '/home/eli/workspace/pypboy/holotapes/Eddie_Winter/Eddie_Winter_Holotape-8.ogg', '/home/eli/workspace/pypboy/holotapes/Eddie_Winter/Eddie_Winter_Holotape-9.ogg']
load_audio_file called with ['holotapes/Eddie_Winter/Eddie_Winter_Holotape-0.ogg', 'holotapes/Eddie_Winter/Eddie_Winter_Holotape-1.ogg', 'holotapes/Eddie_Winter/Eddie_Winter_Holotape-2.ogg', 'holotapes/Eddie_Winter/Eddie_Winter_Holotape-3.ogg', 'holotapes/Eddie_Winter/Eddie_Winter_Holotape-4.ogg', 'holotapes/Eddie_Winter/Eddie_Winter_Holotape-5.ogg', 'holotapes/Eddie_Winter/Eddie_Winter_Holotape-6.ogg', 'holotapes/Eddie_Winter/Eddie_Winter_Holotape-7.ogg', 'holotapes/Eddie_Winter/Eddie_Winter_Holotape-8.ogg', 'holotapes/Eddie_Winter/Eddie_Winter_Holotape-9.ogg']
queue load invoked, stack:
  File "/home/eli/workspace/pypboy/main.py", line 108, in <module>
    boy.run()
  File "/home/eli/workspace/pypboy/pypboy/core.py", line 156, in run
    self.active.handle_event(event)
  File "/home/eli/workspace/pypboy/pypboy/__init__.py", line 110, in handle_event
    self.active.handle_event(event)
  File "/home/eli/workspace/pypboy/pypboy/modules/data/holotape_processor.py", line 166, in handle_event
    self.start_audio_queue(idx, paths)
  File "/home/eli/workspace/pypboy/pypboy/modules/data/holotape_processor.py", line 123, in start_audio_queue
    self.active_holotape.load_audio_file(rels)
  File "/home/eli/workspace/pypboy/pypboy/modules/data/holotape_processor.py", line 874, in load_audio_file
    trace = ''.join(traceback.format_stack(limit=10))
Now Playing: /home/eli/workspace/pypboy/holotapes/Eddie_Winter/Eddie_Winter_Holotape-0.ogg
start_audio_queue index=7 files=['/home/eli/workspace/pypboy/holotapes/Eddie_Winter/Eddie_Winter_Holotape-0.ogg', '/home/eli/workspace/pypboy/holotapes/Eddie_Winter/Eddie_Winter_Holotape-1.ogg', '/home/eli/workspace/pypboy/holotapes/Eddie_Winter/Eddie_Winter_Holotape-2.ogg', '/home/eli/workspace/pypboy/holotapes/Eddie_Winter/Eddie_Winter_Holotape-3.ogg', '/home/eli/workspace/pypboy/holotapes/Eddie_Winter/Eddie_Winter_Holotape-4.ogg', '/home/eli/workspace/pypboy/holotapes/Eddie_Winter/Eddie_Winter_Holotape-5.ogg', '/home/eli/workspace/pypboy/holotapes/Eddie_Winter/Eddie_Winter_Holotape-6.ogg', '/home/eli/workspace/pypboy/holotapes/Eddie_Winter/Eddie_Winter_Holotape-7.ogg', '/home/eli/workspace/pypboy/holotapes/Eddie_Winter/Eddie_Winter_Holotape-8.ogg', '/home/eli/workspace/pypboy/holotapes/Eddie_Winter/Eddie_Winter_Holotape-9.ogg']
load_audio_file called with ['holotapes/Eddie_Winter/Eddie_Winter_Holotape-7.ogg', 'holotapes/Eddie_Winter/Eddie_Winter_Holotape-8.ogg', 'holotapes/Eddie_Winter/Eddie_Winter_Holotape-9.ogg']
queue load invoked, stack:
  File "/home/eli/workspace/pypboy/main.py", line 108, in <module>
    boy.run()
  File "/home/eli/workspace/pypboy/pypboy/core.py", line 156, in run
    self.active.handle_event(event)
  File "/home/eli/workspace/pypboy/pypboy/__init__.py", line 110, in handle_event
    self.active.handle_event(event)
  File "/home/eli/workspace/pypboy/pypboy/modules/data/holotape_processor.py", line 166, in handle_event
    self.start_audio_queue(idx, paths)
  File "/home/eli/workspace/pypboy/pypboy/modules/data/holotape_processor.py", line 123, in start_audio_queue
    self.active_holotape.load_audio_file(rels)
  File "/home/eli/workspace/pypboy/pypboy/modules/data/holotape_processor.py", line 876, in load_audio_file
    trace = ''.join(traceback.format_stack(limit=10))
Now Playing: /home/eli/workspace/pypboy/holotapes/Eddie_Winter/Eddie_Winter_Holotape-7.ogg
start_audio_queue index=8 files=['/home/eli/workspace/pypboy/holotapes/Eddie_Winter/Eddie_Winter_Holotape-0.ogg', '/home/eli/workspace/pypboy/holotapes/Eddie_Winter/Eddie_Winter_Holotape-1.ogg', '/home/eli/workspace/pypboy/holotapes/Eddie_Winter/Eddie_Winter_Holotape-2.ogg', '/home/eli/workspace/pypboy/holotapes/Eddie_Winter/Eddie_Winter_Holotape-3.ogg', '/home/eli/workspace/pypboy/holotapes/Eddie_Winter/Eddie_Winter_Holotape-4.ogg', '/home/eli/workspace/pypboy/holotapes/Eddie_Winter/Eddie_Winter_Holotape-5.ogg', '/home/eli/workspace/pypboy/holotapes/Eddie_Winter/Eddie_Winter_Holotape-6.ogg', '/home/eli/workspace/pypboy/holotapes/Eddie_Winter/Eddie_Winter_Holotape-7.ogg', '/home/eli/workspace/pypboy/holotapes/Eddie_Winter/Eddie_Winter_Holotape-8.ogg', '/home/eli/workspace/pypboy/holotapes/Eddie_Winter/Eddie_Winter_Holotape-9.ogg']
load_audio_file called with ['holotapes/Eddie_Winter/Eddie_Winter_Holotape-8.ogg', 'holotapes/Eddie_Winter/Eddie_Winter_Holotape-9.ogg']
queue load invoked, stack:
  File "/home/eli/workspace/pypboy/main.py", line 108, in <module>
    boy.run()
  File "/home/eli/workspace/pypboy/pypboy/core.py", line 156, in run
    self.active.handle_event(event)
  File "/home/eli/workspace/pypboy/pypboy/__init__.py", line 110, in handle_event
    self.active.handle_event(event)
  File "/home/eli/workspace/pypboy/pypboy/modules/data/holotape_processor.py", line 166, in handle_event
    self.start_audio_queue(idx, paths)
  File "/home/eli/workspace/pypboy/pypboy/modules/data/holotape_processor.py", line 123, in start_audio_queue
    self.active_holotape.load_audio_file(rels)
  File "/home/eli/workspace/pypboy/pypboy/modules/data/holotape_processor.py", line 859, in load_audio_file
    trace = ''.join(traceback.format_stack(limit=10))
Now Playing: /home/eli/workspace/pypboy/holotapes/Eddie_Winter/Eddie_Winter_Holotape-8.ogg
load_audio_file called with ['holotapes/Eddie_Winter/Eddie_Winter_Holotape-0.ogg', 'holotapes/Eddie_Winter/Eddie_Winter_Holotape-1.ogg', 'holotapes/Eddie_Winter/Eddie_Winter_Holotape-2.ogg', 'holotapes/Eddie_Winter/Eddie_Winter_Holotape-3.ogg', 'holotapes/Eddie_Winter/Eddie_Winter_Holotape-4.ogg', 'holotapes/Eddie_Winter/Eddie_Winter_Holotape-5.ogg', 'holotapes/Eddie_Winter/Eddie_Winter_Holotape-6.ogg', 'holotapes/Eddie_Winter/Eddie_Winter_Holotape-7.ogg', 'holotapes/Eddie_Winter/Eddie_Winter_Holotape-8.ogg', 'holotapes/Eddie_Winter/Eddie_Winter_Holotape-9.ogg']
queue load invoked, stack:
  File "/home/eli/workspace/pypboy/main.py", line 105, in <module>
    hol.load_audio_file(rels)
  File "/home/eli/workspace/pypboy/pypboy/modules/data/holotape_processor.py", line 859, in load_audio_file
    trace = ''.join(traceback.format_stack(limit=10))
Now Playing: /home/eli/workspace/pypboy/holotapes/Eddie_Winter/Eddie_Winter_Holotape-0.ogg
start_audio_queue index=4 files=['/home/eli/workspace/pypboy/holotapes/Eddie_Winter/Eddie_Winter_Holotape-0.ogg', '/home/eli/workspace/pypboy/holotapes/Eddie_Winter/Eddie_Winter_Holotape-1.ogg', '/home/eli/workspace/pypboy/holotapes/Eddie_Winter/Eddie_Winter_Holotape-2.ogg', '/home/eli/workspace/pypboy/holotapes/Eddie_Winter/Eddie_Winter_Holotape-3.ogg', '/home/eli/workspace/pypboy/holotapes/Eddie_Winter/Eddie_Winter_Holotape-4.ogg', '/home/eli/workspace/pypboy/holotapes/Eddie_Winter/Eddie_Winter_Holotape-5.ogg', '/home/eli/workspace/pypboy/holotapes/Eddie_Winter/Eddie_Winter_Holotape-6.ogg', '/home/eli/workspace/pypboy/holotapes/Eddie_Winter/Eddie_Winter_Holotape-7.ogg', '/home/eli/workspace/pypboy/holotapes/Eddie_Winter/Eddie_Winter_Holotape-8.ogg', '/home/eli/workspace/pypboy/holotapes/Eddie_Winter/Eddie_Winter_Holotape-9.ogg']
load_audio_file called with ['holotapes/Eddie_Winter/Eddie_Winter_Holotape-4.ogg', 'holotapes/Eddie_Winter/Eddie_Winter_Holotape-5.ogg', 'holotapes/Eddie_Winter/Eddie_Winter_Holotape-6.ogg', 'holotapes/Eddie_Winter/Eddie_Winter_Holotape-7.ogg', 'holotapes/Eddie_Winter/Eddie_Winter_Holotape-8.ogg', 'holotapes/Eddie_Winter/Eddie_Winter_Holotape-9.ogg']
queue load invoked, stack:
  File "/home/eli/workspace/pypboy/main.py", line 108, in <module>
    boy.run()
  File "/home/eli/workspace/pypboy/pypboy/core.py", line 156, in run
    self.active.handle_event(event)
  File "/home/eli/workspace/pypboy/pypboy/__init__.py", line 110, in handle_event
    self.active.handle_event(event)
  File "/home/eli/workspace/pypboy/pypboy/modules/data/holotape_processor.py", line 166, in handle_event
    self.start_audio_queue(idx, paths)
  File "/home/eli/workspace/pypboy/pypboy/modules/data/holotape_processor.py", line 123, in start_audio_queue
    self.active_holotape.load_audio_file(rels)
  File "/home/eli/workspace/pypboy/pypboy/modules/data/holotape_processor.py", line 859, in load_audio_file
    trace = ''.join(traceback.format_stack(limit=10))
Now Playing: /home/eli/workspace/pypboy/holotapes/Eddie_Winter/Eddie_Winter_Holotape-4.ogg
start_audio_queue index=2 files=['/home/eli/workspace/pypboy/holotapes/Eddie_Winter/Eddie_Winter_Holotape-0.ogg', '/home/eli/workspace/pypboy/holotapes/Eddie_Winter/Eddie_Winter_Holotape-1.ogg', '/home/eli/workspace/pypboy/holotapes/Eddie_Winter/Eddie_Winter_Holotape-2.ogg', '/home/eli/workspace/pypboy/holotapes/Eddie_Winter/Eddie_Winter_Holotape-3.ogg', '/home/eli/workspace/pypboy/holotapes/Eddie_Winter/Eddie_Winter_Holotape-4.ogg', '/home/eli/workspace/pypboy/holotapes/Eddie_Winter/Eddie_Winter_Holotape-5.ogg', '/home/eli/workspace/pypboy/holotapes/Eddie_Winter/Eddie_Winter_Holotape-6.ogg', '/home/eli/workspace/pypboy/holotapes/Eddie_Winter/Eddie_Winter_Holotape-7.ogg', '/home/eli/workspace/pypboy/holotapes/Eddie_Winter/Eddie_Winter_Holotape-8.ogg', '/home/eli/workspace/pypboy/holotapes/Eddie_Winter/Eddie_Winter_Holotape-9.ogg']
load_audio_file called with ['holotapes/Eddie_Winter/Eddie_Winter_Holotape-2.ogg', 'holotapes/Eddie_Winter/Eddie_Winter_Holotape-3.ogg', 'holotapes/Eddie_Winter/Eddie_Winter_Holotape-4.ogg', 'holotapes/Eddie_Winter/Eddie_Winter_Holotape-5.ogg', 'holotapes/Eddie_Winter/Eddie_Winter_Holotape-6.ogg', 'holotapes/Eddie_Winter/Eddie_Winter_Holotape-7.ogg', 'holotapes/Eddie_Winter/Eddie_Winter_Holotape-8.ogg', 'holotapes/Eddie_Winter/Eddie_Winter_Holotape-9.ogg']
queue load invoked, stack:
  File "/home/eli/workspace/pypboy/main.py", line 108, in <module>
    boy.run()
  File "/home/eli/workspace/pypboy/pypboy/core.py", line 156, in run
    self.active.handle_event(event)
  File "/home/eli/workspace/pypboy/pypboy/__init__.py", line 110, in handle_event
    self.active.handle_event(event)
  File "/home/eli/workspace/pypboy/pypboy/modules/data/holotape_processor.py", line 166, in handle_event
    self.start_audio_queue(idx, paths)
  File "/home/eli/workspace/pypboy/pypboy/modules/data/holotape_processor.py", line 123, in start_audio_queue
    self.active_holotape.load_audio_file(rels)
  File "/home/eli/workspace/pypboy/pypboy/modules/data/holotape_processor.py", line 859, in load_audio_file
    trace = ''.join(traceback.format_stack(limit=10))
Now Playing: /home/eli/workspace/pypboy/holotapes/Eddie_Winter/Eddie_Winter_Holotape-2.ogg
start_audio_queue index=2 files=['/home/eli/workspace/pypboy/holotapes/Eddie_Winter/Eddie_Winter_Holotape-0.ogg', '/home/eli/workspace/pypboy/holotapes/Eddie_Winter/Eddie_Winter_Holotape-1.ogg', '/home/eli/workspace/pypboy/holotapes/Eddie_Winter/Eddie_Winter_Holotape-2.ogg', '/home/eli/workspace/pypboy/holotapes/Eddie_Winter/Eddie_Winter_Holotape-3.ogg', '/home/eli/workspace/pypboy/holotapes/Eddie_Winter/Eddie_Winter_Holotape-4.ogg', '/home/eli/workspace/pypboy/holotapes/Eddie_Winter/Eddie_Winter_Holotape-5.ogg', '/home/eli/workspace/pypboy/holotapes/Eddie_Winter/Eddie_Winter_Holotape-6.ogg', '/home/eli/workspace/pypboy/holotapes/Eddie_Winter/Eddie_Winter_Holotape-7.ogg', '/home/eli/workspace/pypboy/holotapes/Eddie_Winter/Eddie_Winter_Holotape-8.ogg', '/home/eli/workspace/pypboy/holotapes/Eddie_Winter/Eddie_Winter_Holotape-9.ogg']
load_audio_file called with ['holotapes/Eddie_Winter/Eddie_Winter_Holotape-2.ogg', 'holotapes/Eddie_Winter/Eddie_Winter_Holotape-3.ogg', 'holotapes/Eddie_Winter/Eddie_Winter_Holotape-4.ogg', 'holotapes/Eddie_Winter/Eddie_Winter_Holotape-5.ogg', 'holotapes/Eddie_Winter/Eddie_Winter_Holotape-6.ogg', 'holotapes/Eddie_Winter/Eddie_Winter_Holotape-7.ogg', 'holotapes/Eddie_Winter/Eddie_Winter_Holotape-8.ogg', 'holotapes/Eddie_Winter/Eddie_Winter_Holotape-9.ogg']
queue load invoked, stack:
  File "/home/eli/workspace/pypboy/main.py", line 108, in <module>
    boy.run()
  File "/home/eli/workspace/pypboy/pypboy/core.py", line 159, in run
    self.active.handle_event(event)
  File "/home/eli/workspace/pypboy/pypboy/__init__.py", line 111, in handle_event
    self.active.handle_event(event)
  File "/home/eli/workspace/pypboy/pypboy/modules/data/holotape_processor.py", line 166, in handle_event
    self.start_audio_queue(idx, paths)
  File "/home/eli/workspace/pypboy/pypboy/modules/data/holotape_processor.py", line 123, in start_audio_queue
    self.active_holotape.load_audio_file(rels)
  File "/home/eli/workspace/pypboy/pypboy/modules/data/holotape_processor.py", line 859, in load_audio_file
    trace = ''.join(traceback.format_stack(limit=10))
Now Playing: /home/eli/workspace/pypboy/holotapes/Eddie_Winter/Eddie_Winter_Holotape-2.ogg
start_audio_queue index=2 files=['/home/eli/workspace/pypboy/holotapes/Eddie_Winter/Eddie_Winter_Holotape-0.ogg', '/home/eli/workspace/pypboy/holotapes/Eddie_Winter/Eddie_Winter_Holotape-1.ogg', '/home/eli/workspace/pypboy/holotapes/Eddie_Winter/Eddie_Winter_Holotape-2.ogg', '/home/eli/workspace/pypboy/holotapes/Eddie_Winter/Eddie_Winter_Holotape-3.ogg', '/home/eli/workspace/pypboy/holotapes/Eddie_Winter/Eddie_Winter_Holotape-4.ogg', '/home/eli/workspace/pypboy/holotapes/Eddie_Winter/Eddie_Winter_Holotape-5.ogg', '/home/eli/workspace/pypboy/holotapes/Eddie_Winter/Eddie_Winter_Holotape-6.ogg', '/home/eli/workspace/pypboy/holotapes/Eddie_Winter/Eddie_Winter_Holotape-7.ogg', '/home/eli/workspace/pypboy/holotapes/Eddie_Winter/Eddie_Winter_Holotape-8.ogg', '/home/eli/workspace/pypboy/holotapes/Eddie_Winter/Eddie_Winter_Holotape-9.ogg']
load_audio_file called with ['holotapes/Eddie_Winter/Eddie_Winter_Holotape-2.ogg', 'holotapes/Eddie_Winter/Eddie_Winter_Holotape-3.ogg', 'holotapes/Eddie_Winter/Eddie_Winter_Holotape-4.ogg', 'holotapes/Eddie_Winter/Eddie_Winter_Holotape-5.ogg', 'holotapes/Eddie_Winter/Eddie_Winter_Holotape-6.ogg', 'holotapes/Eddie_Winter/Eddie_Winter_Holotape-7.ogg', 'holotapes/Eddie_Winter/Eddie_Winter_Holotape-8.ogg', 'holotapes/Eddie_Winter/Eddie_Winter_Holotape-9.ogg']
queue load invoked, stack:
  File "/home/eli/workspace/pypboy/main.py", line 108, in <module>
    boy.run()
  File "/home/eli/workspace/pypboy/pypboy/core.py", line 159, in run
    self.active.handle_event(event)
  File "/home/eli/workspace/pypboy/pypboy/__init__.py", line 111, in handle_event
    self.active.handle_event(event)
  File "/home/eli/workspace/pypboy/pypboy/modules/data/holotape_processor.py", line 166, in handle_event
    self.start_audio_queue(idx, paths)
  File "/home/eli/workspace/pypboy/pypboy/modules/data/holotape_processor.py", line 123, in start_audio_queue
    self.active_holotape.load_audio_file(rels)
  File "/home/eli/workspace/pypboy/pypboy/modules/data/holotape_processor.py", line 859, in load_audio_file
    trace = ''.join(traceback.format_stack(limit=10))
Now Playing: /home/eli/workspace/pypboy/holotapes/Eddie_Winter/Eddie_Winter_Holotape-2.ogg
start_audio_queue index=0 files=['/home/eli/workspace/pypboy/holotapes/Eddie_Winter/Eddie_Winter_Holotape-0.ogg', '/home/eli/workspace/pypboy/holotapes/Eddie_Winter/Eddie_Winter_Holotape-1.ogg', '/home/eli/workspace/pypboy/holotapes/Eddie_Winter/Eddie_Winter_Holotape-2.ogg', '/home/eli/workspace/pypboy/holotapes/Eddie_Winter/Eddie_Winter_Holotape-3.ogg', '/home/eli/workspace/pypboy/holotapes/Eddie_Winter/Eddie_Winter_Holotape-4.ogg', '/home/eli/workspace/pypboy/holotapes/Eddie_Winter/Eddie_Winter_Holotape-5.ogg', '/home/eli/workspace/pypboy/holotapes/Eddie_Winter/Eddie_Winter_Holotape-6.ogg', '/home/eli/workspace/pypboy/holotapes/Eddie_Winter/Eddie_Winter_Holotape-7.ogg', '/home/eli/workspace/pypboy/holotapes/Eddie_Winter/Eddie_Winter_Holotape-8.ogg', '/home/eli/workspace/pypboy/holotapes/Eddie_Winter/Eddie_Winter_Holotape-9.ogg']
load_audio_file called with ['holotapes/Eddie_Winter/Eddie_Winter_Holotape-0.ogg', 'holotapes/Eddie_Winter/Eddie_Winter_Holotape-1.ogg', 'holotapes/Eddie_Winter/Eddie_Winter_Holotape-2.ogg', 'holotapes/Eddie_Winter/Eddie_Winter_Holotape-3.ogg', 'holotapes/Eddie_Winter/Eddie_Winter_Holotape-4.ogg', 'holotapes/Eddie_Winter/Eddie_Winter_Holotape-5.ogg', 'holotapes/Eddie_Winter/Eddie_Winter_Holotape-6.ogg', 'holotapes/Eddie_Winter/Eddie_Winter_Holotape-7.ogg', 'holotapes/Eddie_Winter/Eddie_Winter_Holotape-8.ogg', 'holotapes/Eddie_Winter/Eddie_Winter_Holotape-9.ogg']
queue load invoked, stack:
  File "/home/eli/workspace/pypboy/main.py", line 108, in <module>
    boy.run()
  File "/home/eli/workspace/pypboy/pypboy/core.py", line 159, in run
    self.active.handle_event(event)
  File "/home/eli/workspace/pypboy/pypboy/__init__.py", line 111, in handle_event
    self.active.handle_event(event)
  File "/home/eli/workspace/pypboy/pypboy/modules/data/holotape_processor.py", line 166, in handle_event
    self.start_audio_queue(idx, paths)
  File "/home/eli/workspace/pypboy/pypboy/modules/data/holotape_processor.py", line 123, in start_audio_queue
    self.active_holotape.load_audio_file(rels)
  File "/home/eli/workspace/pypboy/pypboy/modules/data/holotape_processor.py", line 859, in load_audio_file
    trace = ''.join(traceback.format_stack(limit=10))
Now Playing: /home/eli/workspace/pypboy/holotapes/Eddie_Winter/Eddie_Winter_Holotape-0.ogg
start_audio_queue index=1 files=['/home/eli/workspace/pypboy/holotapes/Eddie_Winter/Eddie_Winter_Holotape-0.ogg', '/home/eli/workspace/pypboy/holotapes/Eddie_Winter/Eddie_Winter_Holotape-1.ogg', '/home/eli/workspace/pypboy/holotapes/Eddie_Winter/Eddie_Winter_Holotape-2.ogg', '/home/eli/workspace/pypboy/holotapes/Eddie_Winter/Eddie_Winter_Holotape-3.ogg', '/home/eli/workspace/pypboy/holotapes/Eddie_Winter/Eddie_Winter_Holotape-4.ogg', '/home/eli/workspace/pypboy/holotapes/Eddie_Winter/Eddie_Winter_Holotape-5.ogg', '/home/eli/workspace/pypboy/holotapes/Eddie_Winter/Eddie_Winter_Holotape-6.ogg', '/home/eli/workspace/pypboy/holotapes/Eddie_Winter/Eddie_Winter_Holotape-7.ogg', '/home/eli/workspace/pypboy/holotapes/Eddie_Winter/Eddie_Winter_Holotape-8.ogg', '/home/eli/workspace/pypboy/holotapes/Eddie_Winter/Eddie_Winter_Holotape-9.ogg']
load_audio_file called with ['holotapes/Eddie_Winter/Eddie_Winter_Holotape-1.ogg', 'holotapes/Eddie_Winter/Eddie_Winter_Holotape-2.ogg', 'holotapes/Eddie_Winter/Eddie_Winter_Holotape-3.ogg', 'holotapes/Eddie_Winter/Eddie_Winter_Holotape-4.ogg', 'holotapes/Eddie_Winter/Eddie_Winter_Holotape-5.ogg', 'holotapes/Eddie_Winter/Eddie_Winter_Holotape-6.ogg', 'holotapes/Eddie_Winter/Eddie_Winter_Holotape-7.ogg', 'holotapes/Eddie_Winter/Eddie_Winter_Holotape-8.ogg', 'holotapes/Eddie_Winter/Eddie_Winter_Holotape-9.ogg']
queue load invoked, stack:
  File "/home/eli/workspace/pypboy/main.py", line 108, in <module>
    boy.run()
  File "/home/eli/workspace/pypboy/pypboy/core.py", line 159, in run
    self.active.handle_event(event)
  File "/home/eli/workspace/pypboy/pypboy/__init__.py", line 111, in handle_event
    self.active.handle_event(event)
  File "/home/eli/workspace/pypboy/pypboy/modules/data/holotape_processor.py", line 166, in handle_event
    self.start_audio_queue(idx, paths)
  File "/home/eli/workspace/pypboy/pypboy/modules/data/holotape_processor.py", line 123, in start_audio_queue
    self.active_holotape.load_audio_file(rels)
  File "/home/eli/workspace/pypboy/pypboy/modules/data/holotape_processor.py", line 859, in load_audio_file
    trace = ''.join(traceback.format_stack(limit=10))
Now Playing: /home/eli/workspace/pypboy/holotapes/Eddie_Winter/Eddie_Winter_Holotape-1.ogg
start_audio_queue index=9 files=['/home/eli/workspace/pypboy/holotapes/Eddie_Winter/Eddie_Winter_Holotape-0.ogg', '/home/eli/workspace/pypboy/holotapes/Eddie_Winter/Eddie_Winter_Holotape-1.ogg', '/home/eli/workspace/pypboy/holotapes/Eddie_Winter/Eddie_Winter_Holotape-2.ogg', '/home/eli/workspace/pypboy/holotapes/Eddie_Winter/Eddie_Winter_Holotape-3.ogg', '/home/eli/workspace/pypboy/holotapes/Eddie_Winter/Eddie_Winter_Holotape-4.ogg', '/home/eli/workspace/pypboy/holotapes/Eddie_Winter/Eddie_Winter_Holotape-5.ogg', '/home/eli/workspace/pypboy/holotapes/Eddie_Winter/Eddie_Winter_Holotape-6.ogg', '/home/eli/workspace/pypboy/holotapes/Eddie_Winter/Eddie_Winter_Holotape-7.ogg', '/home/eli/workspace/pypboy/holotapes/Eddie_Winter/Eddie_Winter_Holotape-8.ogg', '/home/eli/workspace/pypboy/holotapes/Eddie_Winter/Eddie_Winter_Holotape-9.ogg']
load_audio_file called with ['holotapes/Eddie_Winter/Eddie_Winter_Holotape-9.ogg']
queue load invoked, stack:
  File "/home/eli/workspace/pypboy/main.py", line 108, in <module>
    boy.run()
  File "/home/eli/workspace/pypboy/pypboy/core.py", line 159, in run
    self.active.handle_event(event)
  File "/home/eli/workspace/pypboy/pypboy/__init__.py", line 111, in handle_event
    self.active.handle_event(event)
  File "/home/eli/workspace/pypboy/pypboy/modules/data/holotape_processor.py", line 166, in handle_event
    self.start_audio_queue(idx, paths)
  File "/home/eli/workspace/pypboy/pypboy/modules/data/holotape_processor.py", line 123, in start_audio_queue
    self.active_holotape.load_audio_file(rels)
  File "/home/eli/workspace/pypboy/pypboy/modules/data/holotape_processor.py", line 859, in load_audio_file
    trace = ''.join(traceback.format_stack(limit=10))
Now Playing: /home/eli/workspace/pypboy/holotapes/Eddie_Winter/Eddie_Winter_Holotape-9.ogg
start_audio_queue index=1 files=['/home/eli/workspace/pypboy/holotapes/Eddie_Winter/Eddie_Winter_Holotape-0.ogg', '/home/eli/workspace/pypboy/holotapes/Eddie_Winter/Eddie_Winter_Holotape-1.ogg', '/home/eli/workspace/pypboy/holotapes/Eddie_Winter/Eddie_Winter_Holotape-2.ogg', '/home/eli/workspace/pypboy/holotapes/Eddie_Winter/Eddie_Winter_Holotape-3.ogg', '/home/eli/workspace/pypboy/holotapes/Eddie_Winter/Eddie_Winter_Holotape-4.ogg', '/home/eli/workspace/pypboy/holotapes/Eddie_Winter/Eddie_Winter_Holotape-5.ogg', '/home/eli/workspace/pypboy/holotapes/Eddie_Winter/Eddie_Winter_Holotape-6.ogg', '/home/eli/workspace/pypboy/holotapes/Eddie_Winter/Eddie_Winter_Holotape-7.ogg', '/home/eli/workspace/pypboy/holotapes/Eddie_Winter/Eddie_Winter_Holotape-8.ogg', '/home/eli/workspace/pypboy/holotapes/Eddie_Winter/Eddie_Winter_Holotape-9.ogg']
load_audio_file called with ['holotapes/Eddie_Winter/Eddie_Winter_Holotape-1.ogg', 'holotapes/Eddie_Winter/Eddie_Winter_Holotape-2.ogg', 'holotapes/Eddie_Winter/Eddie_Winter_Holotape-3.ogg', 'holotapes/Eddie_Winter/Eddie_Winter_Holotape-4.ogg', 'holotapes/Eddie_Winter/Eddie_Winter_Holotape-5.ogg', 'holotapes/Eddie_Winter/Eddie_Winter_Holotape-6.ogg', 'holotapes/Eddie_Winter/Eddie_Winter_Holotape-7.ogg', 'holotapes/Eddie_Winter/Eddie_Winter_Holotape-8.ogg', 'holotapes/Eddie_Winter/Eddie_Winter_Holotape-9.ogg']
queue load invoked, stack:
  File "/home/eli/workspace/pypboy/main.py", line 108, in <module>
    boy.run()
  File "/home/eli/workspace/pypboy/pypboy/core.py", line 159, in run
    self.active.handle_event(event)
  File "/home/eli/workspace/pypboy/pypboy/__init__.py", line 111, in handle_event
    self.active.handle_event(event)
  File "/home/eli/workspace/pypboy/pypboy/modules/data/holotape_processor.py", line 166, in handle_event
    self.start_audio_queue(idx, paths)
  File "/home/eli/workspace/pypboy/pypboy/modules/data/holotape_processor.py", line 123, in start_audio_queue
    self.active_holotape.load_audio_file(rels)
  File "/home/eli/workspace/pypboy/pypboy/modules/data/holotape_processor.py", line 859, in load_audio_file
    trace = ''.join(traceback.format_stack(limit=10))
Now Playing: /home/eli/workspace/pypboy/holotapes/Eddie_Winter/Eddie_Winter_Holotape-1.ogg
start_audio_queue index=0 files=['/home/eli/workspace/pypboy/holotapes/bedford_station/Bedford_Station_Recording-Holotape.ogg']
load_audio_file called with ['holotapes/bedford_station/Bedford_Station_Recording-Holotape.ogg']
queue load invoked, stack:
  File "/home/eli/workspace/pypboy/main.py", line 108, in <module>
    boy.run()
  File "/home/eli/workspace/pypboy/pypboy/core.py", line 159, in run
    self.active.handle_event(event)
  File "/home/eli/workspace/pypboy/pypboy/__init__.py", line 111, in handle_event
    self.active.handle_event(event)
  File "/home/eli/workspace/pypboy/pypboy/modules/data/holotape_processor.py", line 274, in handle_event
    self.start_audio_queue(0, only)
  File "/home/eli/workspace/pypboy/pypboy/modules/data/holotape_processor.py", line 130, in start_audio_queue
    self.active_holotape.load_audio_file(rels)
  File "/home/eli/workspace/pypboy/pypboy/modules/data/holotape_processor.py", line 904, in load_audio_file
    trace = ''.join(traceback.format_stack(limit=10))
Now Playing: /home/eli/workspace/pypboy/holotapes/bedford_station/Bedford_Station_Recording-Holotape.ogg
start_audio_queue index=2 files=['/home/eli/workspace/pypboy/holotapes/Eddie_Winter/Eddie_Winter_Holotape-0.ogg', '/home/eli/workspace/pypboy/holotapes/Eddie_Winter/Eddie_Winter_Holotape-1.ogg', '/home/eli/workspace/pypboy/holotapes/Eddie_Winter/Eddie_Winter_Holotape-2.ogg', '/home/eli/workspace/pypboy/holotapes/Eddie_Winter/Eddie_Winter_Holotape-3.ogg', '/home/eli/workspace/pypboy/holotapes/Eddie_Winter/Eddie_Winter_Holotape-4.ogg', '/home/eli/workspace/pypboy/holotapes/Eddie_Winter/Eddie_Winter_Holotape-5.ogg', '/home/eli/workspace/pypboy/holotapes/Eddie_Winter/Eddie_Winter_Holotape-6.ogg', '/home/eli/workspace/pypboy/holotapes/Eddie_Winter/Eddie_Winter_Holotape-7.ogg', '/home/eli/workspace/pypboy/holotapes/Eddie_Winter/Eddie_Winter_Holotape-8.ogg', '/home/eli/workspace/pypboy/holotapes/Eddie_Winter/Eddie_Winter_Holotape-9.ogg']
load_audio_file called with ['holotapes/Eddie_Winter/Eddie_Winter_Holotape-2.ogg', 'holotapes/Eddie_Winter/Eddie_Winter_Holotape-3.ogg', 'holotapes/Eddie_Winter/Eddie_Winter_Holotape-4.ogg', 'holotapes/Eddie_Winter/Eddie_Winter_Holotape-5.ogg', 'holotapes/Eddie_Winter/Eddie_Winter_Holotape-6.ogg', 'holotapes/Eddie_Winter/Eddie_Winter_Holotape-7.ogg', 'holotapes/Eddie_Winter/Eddie_Winter_Holotape-8.ogg', 'holotapes/Eddie_Winter/Eddie_Winter_Holotape-9.ogg']
queue load invoked, stack:
  File "/home/eli/workspace/pypboy/main.py", line 108, in <module>
    boy.run()
  File "/home/eli/workspace/pypboy/pypboy/core.py", line 159, in run
    self.active.handle_event(event)
  File "/home/eli/workspace/pypboy/pypboy/__init__.py", line 111, in handle_event
    self.active.handle_event(event)
  File "/home/eli/workspace/pypboy/pypboy/modules/data/holotape_processor.py", line 192, in handle_event
    self.start_audio_queue(idx, paths)
  File "/home/eli/workspace/pypboy/pypboy/modules/data/holotape_processor.py", line 130, in start_audio_queue
    self.active_holotape.load_audio_file(rels)
  File "/home/eli/workspace/pypboy/pypboy/modules/data/holotape_processor.py", line 910, in load_audio_file
    trace = ''.join(traceback.format_stack(limit=10))
Now Playing: /home/eli/workspace/pypboy/holotapes/Eddie_Winter/Eddie_Winter_Holotape-2.ogg
start_audio_queue index=1 files=['/home/eli/workspace/pypboy/holotapes/Eddie_Winter/Eddie_Winter_Holotape-0.ogg', '/home/eli/workspace/pypboy/holotapes/Eddie_Winter/Eddie_Winter_Holotape-1.ogg', '/home/eli/workspace/pypboy/holotapes/Eddie_Winter/Eddie_Winter_Holotape-2.ogg', '/home/eli/workspace/pypboy/holotapes/Eddie_Winter/Eddie_Winter_Holotape-3.ogg', '/home/eli/workspace/pypboy/holotapes/Eddie_Winter/Eddie_Winter_Holotape-4.ogg', '/home/eli/workspace/pypboy/holotapes/Eddie_Winter/Eddie_Winter_Holotape-5.ogg', '/home/eli/workspace/pypboy/holotapes/Eddie_Winter/Eddie_Winter_Holotape-6.ogg', '/home/eli/workspace/pypboy/holotapes/Eddie_Winter/Eddie_Winter_Holotape-7.ogg', '/home/eli/workspace/pypboy/holotapes/Eddie_Winter/Eddie_Winter_Holotape-8.ogg', '/home/eli/workspace/pypboy/holotapes/Eddie_Winter/Eddie_Winter_Holotape-9.ogg']
load_audio_file called with ['holotapes/Eddie_Winter/Eddie_Winter_Holotape-1.ogg', 'holotapes/Eddie_Winter/Eddie_Winter_Holotape-2.ogg', 'holotapes/Eddie_Winter/Eddie_Winter_Holotape-3.ogg', 'holotapes/Eddie_Winter/Eddie_Winter_Holotape-4.ogg', 'holotapes/Eddie_Winter/Eddie_Winter_Holotape-5.ogg', 'holotapes/Eddie_Winter/Eddie_Winter_Holotape-6.ogg', 'holotapes/Eddie_Winter/Eddie_Winter_Holotape-7.ogg', 'holotapes/Eddie_Winter/Eddie_Winter_Holotape-8.ogg', 'holotapes/Eddie_Winter/Eddie_Winter_Holotape-9.ogg']
queue load invoked, stack:
  File "/home/eli/workspace/pypboy/main.py", line 108, in <module>
    boy.run()
  File "/home/eli/workspace/pypboy/pypboy/core.py", line 159, in run
    self.active.handle_event(event)
  File "/home/eli/workspace/pypboy/pypboy/__init__.py", line 111, in handle_event
    self.active.handle_event(event)
  File "/home/eli/workspace/pypboy/pypboy/modules/data/holotape_processor.py", line 192, in handle_event
    self.start_audio_queue(idx, paths)
  File "/home/eli/workspace/pypboy/pypboy/modules/data/holotape_processor.py", line 130, in start_audio_queue
    self.active_holotape.load_audio_file(rels)
  File "/home/eli/workspace/pypboy/pypboy/modules/data/holotape_processor.py", line 910, in load_audio_file
    trace = ''.join(traceback.format_stack(limit=10))
Now Playing: /home/eli/workspace/pypboy/holotapes/Eddie_Winter/Eddie_Winter_Holotape-1.ogg
start_audio_queue index=0 files=['/home/eli/workspace/pypboy/holotapes/Eddie_Winter/Eddie_Winter_Holotape-0.ogg', '/home/eli/workspace/pypboy/holotapes/Eddie_Winter/Eddie_Winter_Holotape-1.ogg', '/home/eli/workspace/pypboy/holotapes/Eddie_Winter/Eddie_Winter_Holotape-2.ogg', '/home/eli/workspace/pypboy/holotapes/Eddie_Winter/Eddie_Winter_Holotape-3.ogg', '/home/eli/workspace/pypboy/holotapes/Eddie_Winter/Eddie_Winter_Holotape-4.ogg', '/home/eli/workspace/pypboy/holotapes/Eddie_Winter/Eddie_Winter_Holotape-5.ogg', '/home/eli/workspace/pypboy/holotapes/Eddie_Winter/Eddie_Winter_Holotape-6.ogg', '/home/eli/workspace/pypboy/holotapes/Eddie_Winter/Eddie_Winter_Holotape-7.ogg', '/home/eli/workspace/pypboy/holotapes/Eddie_Winter/Eddie_Winter_Holotape-8.ogg', '/home/eli/workspace/pypboy/holotapes/Eddie_Winter/Eddie_Winter_Holotape-9.ogg']
load_audio_file called with ['holotapes/Eddie_Winter/Eddie_Winter_Holotape-0.ogg', 'holotapes/Eddie_Winter/Eddie_Winter_Holotape-1.ogg', 'holotapes/Eddie_Winter/Eddie_Winter_Holotape-2.ogg', 'holotapes/Eddie_Winter/Eddie_Winter_Holotape-3.ogg', 'holotapes/Eddie_Winter/Eddie_Winter_Holotape-4.ogg', 'holotapes/Eddie_Winter/Eddie_Winter_Holotape-5.ogg', 'holotapes/Eddie_Winter/Eddie_Winter_Holotape-6.ogg', 'holotapes/Eddie_Winter/Eddie_Winter_Holotape-7.ogg', 'holotapes/Eddie_Winter/Eddie_Winter_Holotape-8.ogg', 'holotapes/Eddie_Winter/Eddie_Winter_Holotape-9.ogg']
queue load invoked, stack:
  File "/home/eli/workspace/pypboy/main.py", line 108, in <module>
    boy.run()
  File "/home/eli/workspace/pypboy/pypboy/core.py", line 159, in run
    self.active.handle_event(event)
  File "/home/eli/workspace/pypboy/pypboy/__init__.py", line 111, in handle_event
    self.active.handle_event(event)
  File "/home/eli/workspace/pypboy/pypboy/modules/data/holotape_processor.py", line 192, in handle_event
    self.start_audio_queue(idx, paths)
  File "/home/eli/workspace/pypboy/pypboy/modules/data/holotape_processor.py", line 130, in start_audio_queue
    self.active_holotape.load_audio_file(rels)
  File "/home/eli/workspace/pypboy/pypboy/modules/data/holotape_processor.py", line 994, in load_audio_file
    trace = ''.join(traceback.format_stack(limit=10))
Now Playing: /home/eli/workspace/pypboy/holotapes/Eddie_Winter/Eddie_Winter_Holotape-0.ogg
start_audio_queue index=1 files=['/home/eli/workspace/pypboy/holotapes/System_Calibration/01.ogg', '/home/eli/workspace/pypboy/holotapes/System_Calibration/02.ogg', '/home/eli/workspace/pypboy/holotapes/System_Calibration/03.ogg', '/home/eli/workspace/pypboy/holotapes/System_Calibration/04.ogg']
load_audio_file called with ['holotapes/System_Calibration/02.ogg', 'holotapes/System_Calibration/03.ogg', 'holotapes/System_Calibration/04.ogg']
queue load invoked, stack:
  File "/home/eli/workspace/pypboy/main.py", line 108, in <module>
    boy.run()
  File "/home/eli/workspace/pypboy/pypboy/core.py", line 159, in run
    self.active.handle_event(event)
  File "/home/eli/workspace/pypboy/pypboy/__init__.py", line 111, in handle_event
    self.active.handle_event(event)
  File "/home/eli/workspace/pypboy/pypboy/modules/data/holotape_processor.py", line 192, in handle_event
    self.start_audio_queue(idx, paths)
  File "/home/eli/workspace/pypboy/pypboy/modules/data/holotape_processor.py", line 130, in start_audio_queue
    self.active_holotape.load_audio_file(rels)
  File "/home/eli/workspace/pypboy/pypboy/modules/data/holotape_processor.py", line 994, in load_audio_file
    trace = ''.join(traceback.format_stack(limit=10))
Now Playing: /home/eli/workspace/pypboy/holotapes/System_Calibration/02.ogg
start_audio_queue index=0 files=['/home/eli/workspace/pypboy/holotapes/Eddie_Winter/Eddie_Winter_Holotape-0.ogg', '/home/eli/workspace/pypboy/holotapes/Eddie_Winter/Eddie_Winter_Holotape-1.ogg', '/home/eli/workspace/pypboy/holotapes/Eddie_Winter/Eddie_Winter_Holotape-2.ogg', '/home/eli/workspace/pypboy/holotapes/Eddie_Winter/Eddie_Winter_Holotape-3.ogg', '/home/eli/workspace/pypboy/holotapes/Eddie_Winter/Eddie_Winter_Holotape-4.ogg', '/home/eli/workspace/pypboy/holotapes/Eddie_Winter/Eddie_Winter_Holotape-5.ogg', '/home/eli/workspace/pypboy/holotapes/Eddie_Winter/Eddie_Winter_Holotape-6.ogg', '/home/eli/workspace/pypboy/holotapes/Eddie_Winter/Eddie_Winter_Holotape-7.ogg', '/home/eli/workspace/pypboy/holotapes/Eddie_Winter/Eddie_Winter_Holotape-8.ogg', '/home/eli/workspace/pypboy/holotapes/Eddie_Winter/Eddie_Winter_Holotape-9.ogg']
load_audio_file called with ['holotapes/Eddie_Winter/Eddie_Winter_Holotape-0.ogg', 'holotapes/Eddie_Winter/Eddie_Winter_Holotape-1.ogg', 'holotapes/Eddie_Winter/Eddie_Winter_Holotape-2.ogg', 'holotapes/Eddie_Winter/Eddie_Winter_Holotape-3.ogg', 'holotapes/Eddie_Winter/Eddie_Winter_Holotape-4.ogg', 'holotapes/Eddie_Winter/Eddie_Winter_Holotape-5.ogg', 'holotapes/Eddie_Winter/Eddie_Winter_Holotape-6.ogg', 'holotapes/Eddie_Winter/Eddie_Winter_Holotape-7.ogg', 'holotapes/Eddie_Winter/Eddie_Winter_Holotape-8.ogg', 'holotapes/Eddie_Winter/Eddie_Winter_Holotape-9.ogg']
queue load invoked, stack:
  File "/home/eli/workspace/pypboy/main.py", line 108, in <module>
    boy.run()
  File "/home/eli/workspace/pypboy/pypboy/core.py", line 159, in run
    self.active.handle_event(event)
  File "/home/eli/workspace/pypboy/pypboy/__init__.py", line 111, in handle_event
    self.active.handle_event(event)
  File "/home/eli/workspace/pypboy/pypboy/modules/data/holotape_processor.py", line 193, in handle_event
    self.start_audio_queue(idx, paths)
  File "/home/eli/workspace/pypboy/pypboy/modules/data/holotape_processor.py", line 131, in start_audio_queue
    self.active_holotape.load_audio_file(rels)
  File "/home/eli/workspace/pypboy/pypboy/modules/data/holotape_processor.py", line 1050, in load_audio_file
    trace = ''.join(traceback.format_stack(limit=10))
Now Playing: /home/eli/workspace/pypboy/holotapes/Eddie_Winter/Eddie_Winter_Holotape-0.ogg
start_audio_queue index=0 files=['/home/eli/workspace/pypboy/holotapes/Eddie_Winter/Eddie_Winter_Holotape-0.ogg', '/home/eli/workspace/pypboy/holotapes/Eddie_Winter/Eddie_Winter_Holotape-1.ogg', '/home/eli/workspace/pypboy/holotapes/Eddie_Winter/Eddie_Winter_Holotape-2.ogg', '/home/eli/workspace/pypboy/holotapes/Eddie_Winter/Eddie_Winter_Holotape-3.ogg', '/home/eli/workspace/pypboy/holotapes/Eddie_Winter/Eddie_Winter_Holotape-4.ogg', '/home/eli/workspace/pypboy/holotapes/Eddie_Winter/Eddie_Winter_Holotape-5.ogg', '/home/eli/workspace/pypboy/holotapes/Eddie_Winter/Eddie_Winter_Holotape-6.ogg', '/home/eli/workspace/pypboy/holotapes/Eddie_Winter/Eddie_Winter_Holotape-7.ogg', '/home/eli/workspace/pypboy/holotapes/Eddie_Winter/Eddie_Winter_Holotape-8.ogg', '/home/eli/workspace/pypboy/holotapes/Eddie_Winter/Eddie_Winter_Holotape-9.ogg']
load_audio_file called with ['holotapes/Eddie_Winter/Eddie_Winter_Holotape-0.ogg', 'holotapes/Eddie_Winter/Eddie_Winter_Holotape-1.ogg', 'holotapes/Eddie_Winter/Eddie_Winter_Holotape-2.ogg', 'holotapes/Eddie_Winter/Eddie_Winter_Holotape-3.ogg', 'holotapes/Eddie_Winter/Eddie_Winter_Holotape-4.ogg', 'holotapes/Eddie_Winter/Eddie_Winter_Holotape-5.ogg', 'holotapes/Eddie_Winter/Eddie_Winter_Holotape-6.ogg', 'holotapes/Eddie_Winter/Eddie_Winter_Holotape-7.ogg', 'holotapes/Eddie_Winter/Eddie_Winter_Holotape-8.ogg', 'holotapes/Eddie_Winter/Eddie_Winter_Holotape-9.ogg']
queue load invoked, stack:
  File "/home/eli/workspace/pypboy/main.py", line 108, in <module>
    boy.run()
  File "/home/eli/workspace/pypboy/pypboy/core.py", line 159, in run
    self.active.handle_event(event)
  File "/home/eli/workspace/pypboy/pypboy/__init__.py", line 111, in handle_event
    self.active.handle_event(event)
  File "/home/eli/workspace/pypboy/pypboy/modules/data/holotape_processor.py", line 187, in handle_event
    self.start_audio_queue(idx, paths)
  File "/home/eli/workspace/pypboy/pypboy/modules/data/holotape_processor.py", line 125, in start_audio_queue
    self.active_holotape.load_audio_file(rels)
  File "/home/eli/workspace/pypboy/pypboy/modules/data/holotape_processor.py", line 991, in load_audio_file
    trace = ''.join(traceback.format_stack(limit=10))
Now Playing: /home/eli/workspace/pypboy/holotapes/Eddie_Winter/Eddie_Winter_Holotape-0.ogg
start_audio_queue index=0 files=['/home/eli/workspace/pypboy/holotapes/Eddie_Winter/Eddie_Winter_Holotape-0.ogg', '/home/eli/workspace/pypboy/holotapes/Eddie_Winter/Eddie_Winter_Holotape-1.ogg', '/home/eli/workspace/pypboy/holotapes/Eddie_Winter/Eddie_Winter_Holotape-2.ogg', '/home/eli/workspace/pypboy/holotapes/Eddie_Winter/Eddie_Winter_Holotape-3.ogg', '/home/eli/workspace/pypboy/holotapes/Eddie_Winter/Eddie_Winter_Holotape-4.ogg', '/home/eli/workspace/pypboy/holotapes/Eddie_Winter/Eddie_Winter_Holotape-5.ogg', '/home/eli/workspace/pypboy/holotapes/Eddie_Winter/Eddie_Winter_Holotape-6.ogg', '/home/eli/workspace/pypboy/holotapes/Eddie_Winter/Eddie_Winter_Holotape-7.ogg', '/home/eli/workspace/pypboy/holotapes/Eddie_Winter/Eddie_Winter_Holotape-8.ogg', '/home/eli/workspace/pypboy/holotapes/Eddie_Winter/Eddie_Winter_Holotape-9.ogg']
load_audio_file called with ['holotapes/Eddie_Winter/Eddie_Winter_Holotape-0.ogg', 'holotapes/Eddie_Winter/Eddie_Winter_Holotape-1.ogg', 'holotapes/Eddie_Winter/Eddie_Winter_Holotape-2.ogg', 'holotapes/Eddie_Winter/Eddie_Winter_Holotape-3.ogg', 'holotapes/Eddie_Winter/Eddie_Winter_Holotape-4.ogg', 'holotapes/Eddie_Winter/Eddie_Winter_Holotape-5.ogg', 'holotapes/Eddie_Winter/Eddie_Winter_Holotape-6.ogg', 'holotapes/Eddie_Winter/Eddie_Winter_Holotape-7.ogg', 'holotapes/Eddie_Winter/Eddie_Winter_Holotape-8.ogg', 'holotapes/Eddie_Winter/Eddie_Winter_Holotape-9.ogg']
queue load invoked, stack:
  File "/home/eli/workspace/pypboy/main.py", line 108, in <module>
    boy.run()
  File "/home/eli/workspace/pypboy/pypboy/core.py", line 159, in run
    self.active.handle_event(event)
  File "/home/eli/workspace/pypboy/pypboy/__init__.py", line 111, in handle_event
    self.active.handle_event(event)
  File "/home/eli/workspace/pypboy/pypboy/modules/data/holotape_processor.py", line 179, in handle_event
    self.start_audio_queue(idx, paths)
  File "/home/eli/workspace/pypboy/pypboy/modules/data/holotape_processor.py", line 125, in start_audio_queue
    self.active_holotape.load_audio_file(rels)
  File "/home/eli/workspace/pypboy/pypboy/modules/data/holotape_processor.py", line 967, in load_audio_file
    trace = ''.join(traceback.format_stack(limit=10))
Now Playing: /home/eli/workspace/pypboy/holotapes/Eddie_Winter/Eddie_Winter_Holotape-0.ogg
start_audio_queue index=0 files=['/home/eli/workspace/pypboy/holotapes/Eddie_Winter/Eddie_Winter_Holotape-0.ogg', '/home/eli/workspace/pypboy/holotapes/Eddie_Winter/Eddie_Winter_Holotape-1.ogg', '/home/eli/workspace/pypboy/holotapes/Eddie_Winter/Eddie_Winter_Holotape-2.ogg', '/home/eli/workspace/pypboy/holotapes/Eddie_Winter/Eddie_Winter_Holotape-3.ogg', '/home/eli/workspace/pypboy/holotapes/Eddie_Winter/Eddie_Winter_Holotape-4.ogg', '/home/eli/workspace/pypboy/holotapes/Eddie_Winter/Eddie_Winter_Holotape-5.ogg', '/home/eli/workspace/pypboy/holotapes/Eddie_Winter/Eddie_Winter_Holotape-6.ogg', '/home/eli/workspace/pypboy/holotapes/Eddie_Winter/Eddie_Winter_Holotape-7.ogg', '/home/eli/workspace/pypboy/holotapes/Eddie_Winter/Eddie_Winter_Holotape-8.ogg', '/home/eli/workspace/pypboy/holotapes/Eddie_Winter/Eddie_Winter_Holotape-9.ogg']
load_audio_file called with ['holotapes/Eddie_Winter/Eddie_Winter_Holotape-0.ogg', 'holotapes/Eddie_Winter/Eddie_Winter_Holotape-1.ogg', 'holotapes/Eddie_Winter/Eddie_Winter_Holotape-2.ogg', 'holotapes/Eddie_Winter/Eddie_Winter_Holotape-3.ogg', 'holotapes/Eddie_Winter/Eddie_Winter_Holotape-4.ogg', 'holotapes/Eddie_Winter/Eddie_Winter_Holotape-5.ogg', 'holotapes/Eddie_Winter/Eddie_Winter_Holotape-6.ogg', 'holotapes/Eddie_Winter/Eddie_Winter_Holotape-7.ogg', 'holotapes/Eddie_Winter/Eddie_Winter_Holotape-8.ogg', 'holotapes/Eddie_Winter/Eddie_Winter_Holotape-9.ogg']
queue load invoked, stack:
  File "/home/eli/workspace/pypboy/main.py", line 108, in <module>
    boy.run()
  File "/home/eli/workspace/pypboy/pypboy/core.py", line 159, in run
    self.active.handle_event(event)
  File "/home/eli/workspace/pypboy/pypboy/__init__.py", line 111, in handle_event
    self.active.handle_event(event)
  File "/home/eli/workspace/pypboy/pypboy/modules/data/holotape_processor.py", line 179, in handle_event
    self.start_audio_queue(idx, paths)
  File "/home/eli/workspace/pypboy/pypboy/modules/data/holotape_processor.py", line 125, in start_audio_queue
    self.active_holotape.load_audio_file(rels)
  File "/home/eli/workspace/pypboy/pypboy/modules/data/holotape_processor.py", line 966, in load_audio_file
    trace = ''.join(traceback.format_stack(limit=10))
Now Playing: /home/eli/workspace/pypboy/holotapes/Eddie_Winter/Eddie_Winter_Holotape-0.ogg
start_audio_queue index=0 files=['/home/eli/workspace/pypboy/holotapes/Eddie_Winter/Eddie_Winter_Holotape-0.ogg', '/home/eli/workspace/pypboy/holotapes/Eddie_Winter/Eddie_Winter_Holotape-1.ogg', '/home/eli/workspace/pypboy/holotapes/Eddie_Winter/Eddie_Winter_Holotape-2.ogg', '/home/eli/workspace/pypboy/holotapes/Eddie_Winter/Eddie_Winter_Holotape-3.ogg', '/home/eli/workspace/pypboy/holotapes/Eddie_Winter/Eddie_Winter_Holotape-4.ogg', '/home/eli/workspace/pypboy/holotapes/Eddie_Winter/Eddie_Winter_Holotape-5.ogg', '/home/eli/workspace/pypboy/holotapes/Eddie_Winter/Eddie_Winter_Holotape-6.ogg', '/home/eli/workspace/pypboy/holotapes/Eddie_Winter/Eddie_Winter_Holotape-7.ogg', '/home/eli/workspace/pypboy/holotapes/Eddie_Winter/Eddie_Winter_Holotape-8.ogg', '/home/eli/workspace/pypboy/holotapes/Eddie_Winter/Eddie_Winter_Holotape-9.ogg']
load_audio_file called with ['holotapes/Eddie_Winter/Eddie_Winter_Holotape-0.ogg', 'holotapes/Eddie_Winter/Eddie_Winter_Holotape-1.ogg', 'holotapes/Eddie_Winter/Eddie_Winter_Holotape-2.ogg', 'holotapes/Eddie_Winter/Eddie_Winter_Holotape-3.ogg', 'holotapes/Eddie_Winter/Eddie_Winter_Holotape-4.ogg', 'holotapes/Eddie_Winter/Eddie_Winter_Holotape-5.ogg', 'holotapes/Eddie_Winter/Eddie_Winter_Holotape-6.ogg', 'holotapes/Eddie_Winter/Eddie_Winter_Holotape-7.ogg', 'holotapes/Eddie_Winter/Eddie_Winter_Holotape-8.ogg', 'holotapes/Eddie_Winter/Eddie_Winter_Holotape-9.ogg']
queue load invoked, stack:
  File "/home/eli/workspace/pypboy/main.py", line 108, in <module>
    boy.run()
  File "/home/eli/workspace/pypboy/pypboy/core.py", line 159, in run
    self.active.handle_event(event)
  File "/home/eli/workspace/pypboy/pypboy/__init__.py", line 111, in handle_event
    self.active.handle_event(event)
  File "/home/eli/workspace/pypboy/pypboy/modules/data/holotape_processor.py", line 179, in handle_event
    self.start_audio_queue(idx, paths)
  File "/home/eli/workspace/pypboy/pypboy/modules/data/holotape_processor.py", line 125, in start_audio_queue
    self.active_holotape.load_audio_file(rels)
  File "/home/eli/workspace/pypboy/pypboy/modules/data/holotape_processor.py", line 971, in load_audio_file
    trace = ''.join(traceback.format_stack(limit=10))
Now Playing: /home/eli/workspace/pypboy/holotapes/Eddie_Winter/Eddie_Winter_Holotape-0.ogg
start_audio_queue index=0 files=['/home/eli/workspace/pypboy/holotapes/Eddie_Winter/Eddie_Winter_Holotape-0.ogg', '/home/eli/workspace/pypboy/holotapes/Eddie_Winter/Eddie_Winter_Holotape-1.ogg', '/home/eli/workspace/pypboy/holotapes/Eddie_Winter/Eddie_Winter_Holotape-2.ogg', '/home/eli/workspace/pypboy/holotapes/Eddie_Winter/Eddie_Winter_Holotape-3.ogg', '/home/eli/workspace/pypboy/holotapes/Eddie_Winter/Eddie_Winter_Holotape-4.ogg', '/home/eli/workspace/pypboy/holotapes/Eddie_Winter/Eddie_Winter_Holotape-5.ogg', '/home/eli/workspace/pypboy/holotapes/Eddie_Winter/Eddie_Winter_Holotape-6.ogg', '/home/eli/workspace/pypboy/holotapes/Eddie_Winter/Eddie_Winter_Holotape-7.ogg', '/home/eli/workspace/pypboy/holotapes/Eddie_Winter/Eddie_Winter_Holotape-8.ogg', '/home/eli/workspace/pypboy/holotapes/Eddie_Winter/Eddie_Winter_Holotape-9.ogg']
load_audio_file called with ['holotapes/Eddie_Winter/Eddie_Winter_Holotape-0.ogg', 'holotapes/Eddie_Winter/Eddie_Winter_Holotape-1.ogg', 'holotapes/Eddie_Winter/Eddie_Winter_Holotape-2.ogg', 'holotapes/Eddie_Winter/Eddie_Winter_Holotape-3.ogg', 'holotapes/Eddie_Winter/Eddie_Winter_Holotape-4.ogg', 'holotapes/Eddie_Winter/Eddie_Winter_Holotape-5.ogg', 'holotapes/Eddie_Winter/Eddie_Winter_Holotape-6.ogg', 'holotapes/Eddie_Winter/Eddie_Winter_Holotape-7.ogg', 'holotapes/Eddie_Winter/Eddie_Winter_Holotape-8.ogg', 'holotapes/Eddie_Winter/Eddie_Winter_Holotape-9.ogg']
queue load invoked, stack:
  File "/home/eli/workspace/pypboy/main.py", line 108, in <module>
    boy.run()
  File "/home/eli/workspace/pypboy/pypboy/core.py", line 159, in run
    self.active.handle_event(event)
  File "/home/eli/workspace/pypboy/pypboy/__init__.py", line 111, in handle_event
    self.active.handle_event(event)
  File "/home/eli/workspace/pypboy/pypboy/modules/data/holotape_processor.py", line 179, in handle_event
    self.start_audio_queue(idx, paths)
  File "/home/eli/workspace/pypboy/pypboy/modules/data/holotape_processor.py", line 125, in start_audio_queue
    self.active_holotape.load_audio_file(rels)
  File "/home/eli/workspace/pypboy/pypboy/modules/data/holotape_processor.py", line 973, in load_audio_file
    trace = ''.join(traceback.format_stack(limit=10))
Now Playing: /home/eli/workspace/pypboy/holotapes/Eddie_Winter/Eddie_Winter_Holotape-0.ogg
start_audio_queue index=0 files=['/home/eli/workspace/pypboy/holotapes/Eddie_Winter/Eddie_Winter_Holotape-0.ogg', '/home/eli/workspace/pypboy/holotapes/Eddie_Winter/Eddie_Winter_Holotape-1.ogg', '/home/eli/workspace/pypboy/holotapes/Eddie_Winter/Eddie_Winter_Holotape-2.ogg', '/home/eli/workspace/pypboy/holotapes/Eddie_Winter/Eddie_Winter_Holotape-3.ogg', '/home/eli/workspace/pypboy/holotapes/Eddie_Winter/Eddie_Winter_Holotape-4.ogg', '/home/eli/workspace/pypboy/holotapes/Eddie_Winter/Eddie_Winter_Holotape-5.ogg', '/home/eli/workspace/pypboy/holotapes/Eddie_Winter/Eddie_Winter_Holotape-6.ogg', '/home/eli/workspace/pypboy/holotapes/Eddie_Winter/Eddie_Winter_Holotape-7.ogg', '/home/eli/workspace/pypboy/holotapes/Eddie_Winter/Eddie_Winter_Holotape-8.ogg', '/home/eli/workspace/pypboy/holotapes/Eddie_Winter/Eddie_Winter_Holotape-9.ogg']
load_audio_file called with ['holotapes/Eddie_Winter/Eddie_Winter_Holotape-0.ogg', 'holotapes/Eddie_Winter/Eddie_Winter_Holotape-1.ogg', 'holotapes/Eddie_Winter/Eddie_Winter_Holotape-2.ogg', 'holotapes/Eddie_Winter/Eddie_Winter_Holotape-3.ogg', 'holotapes/Eddie_Winter/Eddie_Winter_Holotape-4.ogg', 'holotapes/Eddie_Winter/Eddie_Winter_Holotape-5.ogg', 'holotapes/Eddie_Winter/Eddie_Winter_Holotape-6.ogg', 'holotapes/Eddie_Winter/Eddie_Winter_Holotape-7.ogg', 'holotapes/Eddie_Winter/Eddie_Winter_Holotape-8.ogg', 'holotapes/Eddie_Winter/Eddie_Winter_Holotape-9.ogg']
queue load invoked, stack:
  File "/home/eli/workspace/pypboy/main.py", line 108, in <module>
    boy.run()
  File "/home/eli/workspace/pypboy/pypboy/core.py", line 159, in run
    self.active.handle_event(event)
  File "/home/eli/workspace/pypboy/pypboy/__init__.py", line 111, in handle_event
    self.active.handle_event(event)
  File "/home/eli/workspace/pypboy/pypboy/modules/data/holotape_processor.py", line 179, in handle_event
    self.start_audio_queue(idx, paths)
  File "/home/eli/workspace/pypboy/pypboy/modules/data/holotape_processor.py", line 125, in start_audio_queue
    self.active_holotape.load_audio_file(rels)
  File "/home/eli/workspace/pypboy/pypboy/modules/data/holotape_processor.py", line 981, in load_audio_file
    trace = ''.join(traceback.format_stack(limit=10))
Now Playing: /home/eli/workspace/pypboy/holotapes/Eddie_Winter/Eddie_Winter_Holotape-0.ogg
start_audio_queue index=0 files=['/home/eli/workspace/pypboy/holotapes/Eddie_Winter/Eddie_Winter_Holotape-0.ogg', '/home/eli/workspace/pypboy/holotapes/Eddie_Winter/Eddie_Winter_Holotape-1.ogg', '/home/eli/workspace/pypboy/holotapes/Eddie_Winter/Eddie_Winter_Holotape-2.ogg', '/home/eli/workspace/pypboy/holotapes/Eddie_Winter/Eddie_Winter_Holotape-3.ogg', '/home/eli/workspace/pypboy/holotapes/Eddie_Winter/Eddie_Winter_Holotape-4.ogg', '/home/eli/workspace/pypboy/holotapes/Eddie_Winter/Eddie_Winter_Holotape-5.ogg', '/home/eli/workspace/pypboy/holotapes/Eddie_Winter/Eddie_Winter_Holotape-6.ogg', '/home/eli/workspace/pypboy/holotapes/Eddie_Winter/Eddie_Winter_Holotape-7.ogg', '/home/eli/workspace/pypboy/holotapes/Eddie_Winter/Eddie_Winter_Holotape-8.ogg', '/home/eli/workspace/pypboy/holotapes/Eddie_Winter/Eddie_Winter_Holotape-9.ogg']
load_audio_file called with ['holotapes/Eddie_Winter/Eddie_Winter_Holotape-0.ogg', 'holotapes/Eddie_Winter/Eddie_Winter_Holotape-1.ogg', 'holotapes/Eddie_Winter/Eddie_Winter_Holotape-2.ogg', 'holotapes/Eddie_Winter/Eddie_Winter_Holotape-3.ogg', 'holotapes/Eddie_Winter/Eddie_Winter_Holotape-4.ogg', 'holotapes/Eddie_Winter/Eddie_Winter_Holotape-5.ogg', 'holotapes/Eddie_Winter/Eddie_Winter_Holotape-6.ogg', 'holotapes/Eddie_Winter/Eddie_Winter_Holotape-7.ogg', 'holotapes/Eddie_Winter/Eddie_Winter_Holotape-8.ogg', 'holotapes/Eddie_Winter/Eddie_Winter_Holotape-9.ogg']
queue load invoked, stack:
  File "/home/eli/workspace/pypboy/main.py", line 108, in <module>
    boy.run()
  File "/home/eli/workspace/pypboy/pypboy/core.py", line 159, in run
    self.active.handle_event(event)
  File "/home/eli/workspace/pypboy/pypboy/__init__.py", line 111, in handle_event
    self.active.handle_event(event)
  File "/home/eli/workspace/pypboy/pypboy/modules/data/holotape_processor.py", line 179, in handle_event
    self.start_audio_queue(idx, paths)
  File "/home/eli/workspace/pypboy/pypboy/modules/data/holotape_processor.py", line 125, in start_audio_queue
    self.active_holotape.load_audio_file(rels)
  File "/home/eli/workspace/pypboy/pypboy/modules/data/holotape_processor.py", line 988, in load_audio_file
    trace = ''.join(traceback.format_stack(limit=10))
Now Playing: /home/eli/workspace/pypboy/holotapes/Eddie_Winter/Eddie_Winter_Holotape-0.ogg
start_audio_queue index=0 files=['/home/eli/workspace/pypboy/holotapes/Eddie_Winter/Eddie_Winter_Holotape-0.ogg', '/home/eli/workspace/pypboy/holotapes/Eddie_Winter/Eddie_Winter_Holotape-1.ogg', '/home/eli/workspace/pypboy/holotapes/Eddie_Winter/Eddie_Winter_Holotape-2.ogg', '/home/eli/workspace/pypboy/holotapes/Eddie_Winter/Eddie_Winter_Holotape-3.ogg', '/home/eli/workspace/pypboy/holotapes/Eddie_Winter/Eddie_Winter_Holotape-4.ogg', '/home/eli/workspace/pypboy/holotapes/Eddie_Winter/Eddie_Winter_Holotape-5.ogg', '/home/eli/workspace/pypboy/holotapes/Eddie_Winter/Eddie_Winter_Holotape-6.ogg', '/home/eli/workspace/pypboy/holotapes/Eddie_Winter/Eddie_Winter_Holotape-7.ogg', '/home/eli/workspace/pypboy/holotapes/Eddie_Winter/Eddie_Winter_Holotape-8.ogg', '/home/eli/workspace/pypboy/holotapes/Eddie_Winter/Eddie_Winter_Holotape-9.ogg']
load_audio_file called with ['holotapes/Eddie_Winter/Eddie_Winter_Holotape-0.ogg', 'holotapes/Eddie_Winter/Eddie_Winter_Holotape-1.ogg', 'holotapes/Eddie_Winter/Eddie_Winter_Holotape-2.ogg', 'holotapes/Eddie_Winter/Eddie_Winter_Holotape-3.ogg', 'holotapes/Eddie_Winter/Eddie_Winter_Holotape-4.ogg', 'holotapes/Eddie_Winter/Eddie_Winter_Holotape-5.ogg', 'holotapes/Eddie_Winter/Eddie_Winter_Holotape-6.ogg', 'holotapes/Eddie_Winter/Eddie_Winter_Holotape-7.ogg', 'holotapes/Eddie_Winter/Eddie_Winter_Holotape-8.ogg', 'holotapes/Eddie_Winter/Eddie_Winter_Holotape-9.ogg']
queue load invoked, stack:
  File "/home/eli/workspace/pypboy/main.py", line 108, in <module>
    boy.run()
  File "/home/eli/workspace/pypboy/pypboy/core.py", line 159, in run
    self.active.handle_event(event)
  File "/home/eli/workspace/pypboy/pypboy/__init__.py", line 111, in handle_event
    self.active.handle_event(event)
  File "/home/eli/workspace/pypboy/pypboy/modules/data/holotape_processor.py", line 178, in handle_event
    self.start_audio_queue(idx, paths)
  File "/home/eli/workspace/pypboy/pypboy/modules/data/holotape_processor.py", line 125, in start_audio_queue
    self.active_holotape.load_audio_file(rels)
  File "/home/eli/workspace/pypboy/pypboy/modules/data/holotape_processor.py", line 987, in load_audio_file
    trace = ''.join(traceback.format_stack(limit=10))
Now Playing: /home/eli/workspace/pypboy/holotapes/Eddie_Winter/Eddie_Winter_Holotape-0.ogg
start_audio_queue index=0 files=['/home/eli/workspace/pypboy/holotapes/Eddie_Winter/Eddie_Winter_Holotape-0.ogg', '/home/eli/workspace/pypboy/holotapes/Eddie_Winter/Eddie_Winter_Holotape-1.ogg', '/home/eli/workspace/pypboy/holotapes/Eddie_Winter/Eddie_Winter_Holotape-2.ogg', '/home/eli/workspace/pypboy/holotapes/Eddie_Winter/Eddie_Winter_Holotape-3.ogg', '/home/eli/workspace/pypboy/holotapes/Eddie_Winter/Eddie_Winter_Holotape-4.ogg', '/home/eli/workspace/pypboy/holotapes/Eddie_Winter/Eddie_Winter_Holotape-5.ogg', '/home/eli/workspace/pypboy/holotapes/Eddie_Winter/Eddie_Winter_Holotape-6.ogg', '/home/eli/workspace/pypboy/holotapes/Eddie_Winter/Eddie_Winter_Holotape-7.ogg', '/home/eli/workspace/pypboy/holotapes/Eddie_Winter/Eddie_Winter_Holotape-8.ogg', '/home/eli/workspace/pypboy/holotapes/Eddie_Winter/Eddie_Winter_Holotape-9.ogg']
load_audio_file called with ['holotapes/Eddie_Winter/Eddie_Winter_Holotape-0.ogg', 'holotapes/Eddie_Winter/Eddie_Winter_Holotape-1.ogg', 'holotapes/Eddie_Winter/Eddie_Winter_Holotape-2.ogg', 'holotapes/Eddie_Winter/Eddie_Winter_Holotape-3.ogg', 'holotapes/Eddie_Winter/Eddie_Winter_Holotape-4.ogg', 'holotapes/Eddie_Winter/Eddie_Winter_Holotape-5.ogg', 'holotapes/Eddie_Winter/Eddie_Winter_Holotape-6.ogg', 'holotapes/Eddie_Winter/Eddie_Winter_Holotape-7.ogg', 'holotapes/Eddie_Winter/Eddie_Winter_Holotape-8.ogg', 'holotapes/Eddie_Winter/Eddie_Winter_Holotape-9.ogg']
queue load invoked, stack:
  File "/home/eli/workspace/pypboy/main.py", line 108, in <module>
    boy.run()
  File "/home/eli/workspace/pypboy/pypboy/core.py", line 159, in run
    self.active.handle_event(event)
  File "/home/eli/workspace/pypboy/pypboy/__init__.py", line 111, in handle_event
    self.active.handle_event(event)
  File "/home/eli/workspace/pypboy/pypboy/modules/data/holotape_processor.py", line 190, in handle_event
    self.start_audio_queue(idx, paths)
  File "/home/eli/workspace/pypboy/pypboy/modules/data/holotape_processor.py", line 137, in start_audio_queue
    self.active_holotape.load_audio_file(rels)
  File "/home/eli/workspace/pypboy/pypboy/modules/data/holotape_processor.py", line 1007, in load_audio_file
    trace = ''.join(traceback.format_stack(limit=10))
Now Playing: /home/eli/workspace/pypboy/holotapes/Eddie_Winter/Eddie_Winter_Holotape-0.ogg
start_audio_queue index=1 files=['/home/eli/workspace/pypboy/holotapes/Eddie_Winter/Eddie_Winter_Holotape-0.ogg', '/home/eli/workspace/pypboy/holotapes/Eddie_Winter/Eddie_Winter_Holotape-1.ogg', '/home/eli/workspace/pypboy/holotapes/Eddie_Winter/Eddie_Winter_Holotape-2.ogg', '/home/eli/workspace/pypboy/holotapes/Eddie_Winter/Eddie_Winter_Holotape-3.ogg', '/home/eli/workspace/pypboy/holotapes/Eddie_Winter/Eddie_Winter_Holotape-4.ogg', '/home/eli/workspace/pypboy/holotapes/Eddie_Winter/Eddie_Winter_Holotape-5.ogg', '/home/eli/workspace/pypboy/holotapes/Eddie_Winter/Eddie_Winter_Holotape-6.ogg', '/home/eli/workspace/pypboy/holotapes/Eddie_Winter/Eddie_Winter_Holotape-7.ogg', '/home/eli/workspace/pypboy/holotapes/Eddie_Winter/Eddie_Winter_Holotape-8.ogg', '/home/eli/workspace/pypboy/holotapes/Eddie_Winter/Eddie_Winter_Holotape-9.ogg']
load_audio_file called with ['holotapes/Eddie_Winter/Eddie_Winter_Holotape-1.ogg', 'holotapes/Eddie_Winter/Eddie_Winter_Holotape-2.ogg', 'holotapes/Eddie_Winter/Eddie_Winter_Holotape-3.ogg', 'holotapes/Eddie_Winter/Eddie_Winter_Holotape-4.ogg', 'holotapes/Eddie_Winter/Eddie_Winter_Holotape-5.ogg', 'holotapes/Eddie_Winter/Eddie_Winter_Holotape-6.ogg', 'holotapes/Eddie_Winter/Eddie_Winter_Holotape-7.ogg', 'holotapes/Eddie_Winter/Eddie_Winter_Holotape-8.ogg', 'holotapes/Eddie_Winter/Eddie_Winter_Holotape-9.ogg']
queue load invoked, stack:
  File "/home/eli/workspace/pypboy/main.py", line 108, in <module>
    boy.run()
  File "/home/eli/workspace/pypboy/pypboy/core.py", line 159, in run
    self.active.handle_event(event)
  File "/home/eli/workspace/pypboy/pypboy/__init__.py", line 111, in handle_event
    self.active.handle_event(event)
  File "/home/eli/workspace/pypboy/pypboy/modules/data/holotape_processor.py", line 190, in handle_event
    self.start_audio_queue(idx, paths)
  File "/home/eli/workspace/pypboy/pypboy/modules/data/holotape_processor.py", line 137, in start_audio_queue
    self.active_holotape.load_audio_file(rels)
  File "/home/eli/workspace/pypboy/pypboy/modules/data/holotape_processor.py", line 1014, in load_audio_file
    trace = ''.join(traceback.format_stack(limit=10))
Now Playing: /home/eli/workspace/pypboy/holotapes/Eddie_Winter/Eddie_Winter_Holotape-1.ogg
start_audio_queue index=0 files=['/home/eli/workspace/pypboy/holotapes/Eddie_Winter/Eddie_Winter_Holotape-0.ogg', '/home/eli/workspace/pypboy/holotapes/Eddie_Winter/Eddie_Winter_Holotape-1.ogg', '/home/eli/workspace/pypboy/holotapes/Eddie_Winter/Eddie_Winter_Holotape-2.ogg', '/home/eli/workspace/pypboy/holotapes/Eddie_Winter/Eddie_Winter_Holotape-3.ogg', '/home/eli/workspace/pypboy/holotapes/Eddie_Winter/Eddie_Winter_Holotape-4.ogg', '/home/eli/workspace/pypboy/holotapes/Eddie_Winter/Eddie_Winter_Holotape-5.ogg', '/home/eli/workspace/pypboy/holotapes/Eddie_Winter/Eddie_Winter_Holotape-6.ogg', '/home/eli/workspace/pypboy/holotapes/Eddie_Winter/Eddie_Winter_Holotape-7.ogg', '/home/eli/workspace/pypboy/holotapes/Eddie_Winter/Eddie_Winter_Holotape-8.ogg', '/home/eli/workspace/pypboy/holotapes/Eddie_Winter/Eddie_Winter_Holotape-9.ogg']
load_audio_file called with ['holotapes/Eddie_Winter/Eddie_Winter_Holotape-0.ogg', 'holotapes/Eddie_Winter/Eddie_Winter_Holotape-1.ogg', 'holotapes/Eddie_Winter/Eddie_Winter_Holotape-2.ogg', 'holotapes/Eddie_Winter/Eddie_Winter_Holotape-3.ogg', 'holotapes/Eddie_Winter/Eddie_Winter_Holotape-4.ogg', 'holotapes/Eddie_Winter/Eddie_Winter_Holotape-5.ogg', 'holotapes/Eddie_Winter/Eddie_Winter_Holotape-6.ogg', 'holotapes/Eddie_Winter/Eddie_Winter_Holotape-7.ogg', 'holotapes/Eddie_Winter/Eddie_Winter_Holotape-8.ogg', 'holotapes/Eddie_Winter/Eddie_Winter_Holotape-9.ogg']
queue load invoked, stack:
  File "/home/eli/workspace/pypboy/main.py", line 108, in <module>
    boy.run()
  File "/home/eli/workspace/pypboy/pypboy/core.py", line 159, in run
    self.active.handle_event(event)
  File "/home/eli/workspace/pypboy/pypboy/__init__.py", line 111, in handle_event
    self.active.handle_event(event)
  File "/home/eli/workspace/pypboy/pypboy/modules/data/holotape_processor.py", line 196, in handle_event
    self.start_audio_queue(idx, paths)
  File "/home/eli/workspace/pypboy/pypboy/modules/data/holotape_processor.py", line 143, in start_audio_queue
    self.active_holotape.load_audio_file(rels)
  File "/home/eli/workspace/pypboy/pypboy/modules/data/holotape_processor.py", line 1020, in load_audio_file
    trace = ''.join(traceback.format_stack(limit=10))
Now Playing: /home/eli/workspace/pypboy/holotapes/Eddie_Winter/Eddie_Winter_Holotape-0.ogg
start_audio_queue index=0 files=['/home/eli/workspace/pypboy/holotapes/Eddie_Winter/Eddie_Winter_Holotape-0.ogg', '/home/eli/workspace/pypboy/holotapes/Eddie_Winter/Eddie_Winter_Holotape-1.ogg', '/home/eli/workspace/pypboy/holotapes/Eddie_Winter/Eddie_Winter_Holotape-2.ogg', '/home/eli/workspace/pypboy/holotapes/Eddie_Winter/Eddie_Winter_Holotape-3.ogg', '/home/eli/workspace/pypboy/holotapes/Eddie_Winter/Eddie_Winter_Holotape-4.ogg', '/home/eli/workspace/pypboy/holotapes/Eddie_Winter/Eddie_Winter_Holotape-5.ogg', '/home/eli/workspace/pypboy/holotapes/Eddie_Winter/Eddie_Winter_Holotape-6.ogg', '/home/eli/workspace/pypboy/holotapes/Eddie_Winter/Eddie_Winter_Holotape-7.ogg', '/home/eli/workspace/pypboy/holotapes/Eddie_Winter/Eddie_Winter_Holotape-8.ogg', '/home/eli/workspace/pypboy/holotapes/Eddie_Winter/Eddie_Winter_Holotape-9.ogg']
load_audio_file called with ['holotapes/Eddie_Winter/Eddie_Winter_Holotape-0.ogg', 'holotapes/Eddie_Winter/Eddie_Winter_Holotape-1.ogg', 'holotapes/Eddie_Winter/Eddie_Winter_Holotape-2.ogg', 'holotapes/Eddie_Winter/Eddie_Winter_Holotape-3.ogg', 'holotapes/Eddie_Winter/Eddie_Winter_Holotape-4.ogg', 'holotapes/Eddie_Winter/Eddie_Winter_Holotape-5.ogg', 'holotapes/Eddie_Winter/Eddie_Winter_Holotape-6.ogg', 'holotapes/Eddie_Winter/Eddie_Winter_Holotape-7.ogg', 'holotapes/Eddie_Winter/Eddie_Winter_Holotape-8.ogg', 'holotapes/Eddie_Winter/Eddie_Winter_Holotape-9.ogg']
queue load invoked, stack:
  File "/home/eli/workspace/pypboy/main.py", line 108, in <module>
    boy.run()
  File "/home/eli/workspace/pypboy/pypboy/core.py", line 159, in run
    self.active.handle_event(event)
  File "/home/eli/workspace/pypboy/pypboy/__init__.py", line 111, in handle_event
    self.active.handle_event(event)
  File "/home/eli/workspace/pypboy/pypboy/modules/data/holotape_processor.py", line 196, in handle_event
    self.start_audio_queue(idx, paths)
  File "/home/eli/workspace/pypboy/pypboy/modules/data/holotape_processor.py", line 143, in start_audio_queue
    self.active_holotape.load_audio_file(rels)
  File "/home/eli/workspace/pypboy/pypboy/modules/data/holotape_processor.py", line 1020, in load_audio_file
    trace = ''.join(traceback.format_stack(limit=10))
Now Playing: /home/eli/workspace/pypboy/holotapes/Eddie_Winter/Eddie_Winter_Holotape-0.ogg
start_audio_queue index=3 files=['/home/eli/workspace/pypboy/holotapes/Eddie_Winter/Eddie_Winter_Holotape-0.ogg', '/home/eli/workspace/pypboy/holotapes/Eddie_Winter/Eddie_Winter_Holotape-1.ogg', '/home/eli/workspace/pypboy/holotapes/Eddie_Winter/Eddie_Winter_Holotape-2.ogg', '/home/eli/workspace/pypboy/holotapes/Eddie_Winter/Eddie_Winter_Holotape-3.ogg', '/home/eli/workspace/pypboy/holotapes/Eddie_Winter/Eddie_Winter_Holotape-4.ogg', '/home/eli/workspace/pypboy/holotapes/Eddie_Winter/Eddie_Winter_Holotape-5.ogg', '/home/eli/workspace/pypboy/holotapes/Eddie_Winter/Eddie_Winter_Holotape-6.ogg', '/home/eli/workspace/pypboy/holotapes/Eddie_Winter/Eddie_Winter_Holotape-7.ogg', '/home/eli/workspace/pypboy/holotapes/Eddie_Winter/Eddie_Winter_Holotape-8.ogg', '/home/eli/workspace/pypboy/holotapes/Eddie_Winter/Eddie_Winter_Holotape-9.ogg']
load_audio_file called with ['holotapes/Eddie_Winter/Eddie_Winter_Holotape-3.ogg', 'holotapes/Eddie_Winter/Eddie_Winter_Holotape-4.ogg', 'holotapes/Eddie_Winter/Eddie_Winter_Holotape-5.ogg', 'holotapes/Eddie_Winter/Eddie_Winter_Holotape-6.ogg', 'holotapes/Eddie_Winter/Eddie_Winter_Holotape-7.ogg', 'holotapes/Eddie_Winter/Eddie_Winter_Holotape-8.ogg', 'holotapes/Eddie_Winter/Eddie_Winter_Holotape-9.ogg']
queue load invoked, stack:
  File "/home/eli/workspace/pypboy/main.py", line 108, in <module>
    boy.run()
  File "/home/eli/workspace/pypboy/pypboy/core.py", line 159, in run
    self.active.handle_event(event)
  File "/home/eli/workspace/pypboy/pypboy/__init__.py", line 111, in handle_event
    self.active.handle_event(event)
  File "/home/eli/workspace/pypboy/pypboy/modules/data/holotape_processor.py", line 196, in handle_event
    self.start_audio_queue(idx, paths)
  File "/home/eli/workspace/pypboy/pypboy/modules/data/holotape_processor.py", line 143, in start_audio_queue
    self.active_holotape.load_audio_file(rels)
  File "/home/eli/workspace/pypboy/pypboy/modules/data/holotape_processor.py", line 1020, in load_audio_file
    trace = ''.join(traceback.format_stack(limit=10))
Now Playing: /home/eli/workspace/pypboy/holotapes/Eddie_Winter/Eddie_Winter_Holotape-3.ogg
start_audio_queue index=0 files=['/home/eli/workspace/pypboy/holotapes/Eddie_Winter/Eddie_Winter_Holotape-0.ogg', '/home/eli/workspace/pypboy/holotapes/Eddie_Winter/Eddie_Winter_Holotape-1.ogg', '/home/eli/workspace/pypboy/holotapes/Eddie_Winter/Eddie_Winter_Holotape-2.ogg', '/home/eli/workspace/pypboy/holotapes/Eddie_Winter/Eddie_Winter_Holotape-3.ogg', '/home/eli/workspace/pypboy/holotapes/Eddie_Winter/Eddie_Winter_Holotape-4.ogg', '/home/eli/workspace/pypboy/holotapes/Eddie_Winter/Eddie_Winter_Holotape-5.ogg', '/home/eli/workspace/pypboy/holotapes/Eddie_Winter/Eddie_Winter_Holotape-6.ogg', '/home/eli/workspace/pypboy/holotapes/Eddie_Winter/Eddie_Winter_Holotape-7.ogg', '/home/eli/workspace/pypboy/holotapes/Eddie_Winter/Eddie_Winter_Holotape-8.ogg', '/home/eli/workspace/pypboy/holotapes/Eddie_Winter/Eddie_Winter_Holotape-9.ogg']
load_audio_file called with ['holotapes/Eddie_Winter/Eddie_Winter_Holotape-0.ogg', 'holotapes/Eddie_Winter/Eddie_Winter_Holotape-1.ogg', 'holotapes/Eddie_Winter/Eddie_Winter_Holotape-2.ogg', 'holotapes/Eddie_Winter/Eddie_Winter_Holotape-3.ogg', 'holotapes/Eddie_Winter/Eddie_Winter_Holotape-4.ogg', 'holotapes/Eddie_Winter/Eddie_Winter_Holotape-5.ogg', 'holotapes/Eddie_Winter/Eddie_Winter_Holotape-6.ogg', 'holotapes/Eddie_Winter/Eddie_Winter_Holotape-7.ogg', 'holotapes/Eddie_Winter/Eddie_Winter_Holotape-8.ogg', 'holotapes/Eddie_Winter/Eddie_Winter_Holotape-9.ogg']
queue load invoked, stack:
  File "/home/eli/workspace/pypboy/main.py", line 108, in <module>
    boy.run()
  File "/home/eli/workspace/pypboy/pypboy/core.py", line 159, in run
    self.active.handle_event(event)
  File "/home/eli/workspace/pypboy/pypboy/__init__.py", line 111, in handle_event
    self.active.handle_event(event)
  File "/home/eli/workspace/pypboy/pypboy/modules/data/holotape_processor.py", line 180, in handle_event
    self.start_audio_queue(idx, paths)
  File "/home/eli/workspace/pypboy/pypboy/modules/data/holotape_processor.py", line 127, in start_audio_queue
    self.active_holotape.load_audio_file(rels)
  File "/home/eli/workspace/pypboy/pypboy/modules/data/holotape_processor.py", line 989, in load_audio_file
    trace = ''.join(traceback.format_stack(limit=10))
Now Playing: /home/eli/workspace/pypboy/holotapes/Eddie_Winter/Eddie_Winter_Holotape-0.ogg
start_audio_queue index=0 files=['/home/eli/workspace/pypboy/holotapes/Eddie_Winter/Eddie_Winter_Holotape-0.ogg', '/home/eli/workspace/pypboy/holotapes/Eddie_Winter/Eddie_Winter_Holotape-1.ogg', '/home/eli/workspace/pypboy/holotapes/Eddie_Winter/Eddie_Winter_Holotape-2.ogg', '/home/eli/workspace/pypboy/holotapes/Eddie_Winter/Eddie_Winter_Holotape-3.ogg', '/home/eli/workspace/pypboy/holotapes/Eddie_Winter/Eddie_Winter_Holotape-4.ogg', '/home/eli/workspace/pypboy/holotapes/Eddie_Winter/Eddie_Winter_Holotape-5.ogg', '/home/eli/workspace/pypboy/holotapes/Eddie_Winter/Eddie_Winter_Holotape-6.ogg', '/home/eli/workspace/pypboy/holotapes/Eddie_Winter/Eddie_Winter_Holotape-7.ogg', '/home/eli/workspace/pypboy/holotapes/Eddie_Winter/Eddie_Winter_Holotape-8.ogg', '/home/eli/workspace/pypboy/holotapes/Eddie_Winter/Eddie_Winter_Holotape-9.ogg']
load_audio_file called with ['holotapes/Eddie_Winter/Eddie_Winter_Holotape-0.ogg', 'holotapes/Eddie_Winter/Eddie_Winter_Holotape-1.ogg', 'holotapes/Eddie_Winter/Eddie_Winter_Holotape-2.ogg', 'holotapes/Eddie_Winter/Eddie_Winter_Holotape-3.ogg', 'holotapes/Eddie_Winter/Eddie_Winter_Holotape-4.ogg', 'holotapes/Eddie_Winter/Eddie_Winter_Holotape-5.ogg', 'holotapes/Eddie_Winter/Eddie_Winter_Holotape-6.ogg', 'holotapes/Eddie_Winter/Eddie_Winter_Holotape-7.ogg', 'holotapes/Eddie_Winter/Eddie_Winter_Holotape-8.ogg', 'holotapes/Eddie_Winter/Eddie_Winter_Holotape-9.ogg']
queue load invoked, stack:
  File "/home/eli/workspace/pypboy/main.py", line 108, in <module>
    boy.run()
  File "/home/eli/workspace/pypboy/pypboy/core.py", line 159, in run
    self.active.handle_event(event)
  File "/home/eli/workspace/pypboy/pypboy/__init__.py", line 111, in handle_event
    self.active.handle_event(event)
  File "/home/eli/workspace/pypboy/pypboy/modules/data/holotape_processor.py", line 180, in handle_event
    self.start_audio_queue(idx, paths)
  File "/home/eli/workspace/pypboy/pypboy/modules/data/holotape_processor.py", line 127, in start_audio_queue
    self.active_holotape.load_audio_file(rels)
  File "/home/eli/workspace/pypboy/pypboy/modules/data/holotape_processor.py", line 1001, in load_audio_file
    trace = ''.join(traceback.format_stack(limit=10))
Now Playing: /home/eli/workspace/pypboy/holotapes/Eddie_Winter/Eddie_Winter_Holotape-0.ogg
start_audio_queue index=0 files=['/home/eli/workspace/pypboy/holotapes/bedford_station/Bedford_Station_Recording-Holotape.ogg']
load_audio_file called with ['holotapes/bedford_station/Bedford_Station_Recording-Holotape.ogg']
queue load invoked, stack:
  File "/home/eli/workspace/pypboy/main.py", line 108, in <module>
    boy.run()
  File "/home/eli/workspace/pypboy/pypboy/core.py", line 161, in run
    self.active.handle_event(event)
  File "/home/eli/workspace/pypboy/pypboy/__init__.py", line 111, in handle_event
    self.active.handle_event(event)
  File "/home/eli/workspace/pypboy/pypboy/modules/data/holotape_processor.py", line 281, in handle_event
    self.start_audio_queue(0, only)
  File "/home/eli/workspace/pypboy/pypboy/modules/data/holotape_processor.py", line 127, in start_audio_queue
    self.active_holotape.load_audio_file(rels)
  File "/home/eli/workspace/pypboy/pypboy/modules/data/holotape_processor.py", line 1001, in load_audio_file
    trace = ''.join(traceback.format_stack(limit=10))
Now Playing: /home/eli/workspace/pypboy/holotapes/bedford_station/Bedford_Station_Recording-Holotape.ogg
start_audio_queue index=5 files=['/home/eli/workspace/pypboy/holotapes/Eddie_Winter/Eddie_Winter_Holotape-0.ogg', '/home/eli/workspace/pypboy/holotapes/Eddie_Winter/Eddie_Winter_Holotape-1.ogg', '/home/eli/workspace/pypboy/holotapes/Eddie_Winter/Eddie_Winter_Holotape-2.ogg', '/home/eli/workspace/pypboy/holotapes/Eddie_Winter/Eddie_Winter_Holotape-3.ogg', '/home/eli/workspace/pypboy/holotapes/Eddie_Winter/Eddie_Winter_Holotape-4.ogg', '/home/eli/workspace/pypboy/holotapes/Eddie_Winter/Eddie_Winter_Holotape-5.ogg', '/home/eli/workspace/pypboy/holotapes/Eddie_Winter/Eddie_Winter_Holotape-6.ogg', '/home/eli/workspace/pypboy/holotapes/Eddie_Winter/Eddie_Winter_Holotape-7.ogg', '/home/eli/workspace/pypboy/holotapes/Eddie_Winter/Eddie_Winter_Holotape-8.ogg', '/home/eli/workspace/pypboy/holotapes/Eddie_Winter/Eddie_Winter_Holotape-9.ogg']
load_audio_file called with ['holotapes/Eddie_Winter/Eddie_Winter_Holotape-5.ogg', 'holotapes/Eddie_Winter/Eddie_Winter_Holotape-6.ogg', 'holotapes/Eddie_Winter/Eddie_Winter_Holotape-7.ogg', 'holotapes/Eddie_Winter/Eddie_Winter_Holotape-8.ogg', 'holotapes/Eddie_Winter/Eddie_Winter_Holotape-9.ogg']
queue load invoked, stack:
  File "/home/eli/workspace/pypboy/main.py", line 108, in <module>
    boy.run()
  File "/home/eli/workspace/pypboy/pypboy/core.py", line 161, in run
    self.active.handle_event(event)
  File "/home/eli/workspace/pypboy/pypboy/__init__.py", line 111, in handle_event
    self.active.handle_event(event)
  File "/home/eli/workspace/pypboy/pypboy/modules/data/holotape_processor.py", line 180, in handle_event
    self.start_audio_queue(idx, paths)
  File "/home/eli/workspace/pypboy/pypboy/modules/data/holotape_processor.py", line 127, in start_audio_queue
    self.active_holotape.load_audio_file(rels)
  File "/home/eli/workspace/pypboy/pypboy/modules/data/holotape_processor.py", line 1001, in load_audio_file
    trace = ''.join(traceback.format_stack(limit=10))
Now Playing: /home/eli/workspace/pypboy/holotapes/Eddie_Winter/Eddie_Winter_Holotape-5.ogg
